Provider_Clean,ContractTitle_Clean,ContractNumber_Clean,Year,AnnualSpend,ComplianceFlag
Calcorp Services Pty Ltd,Building cleaning services, ,2027.0,35739.82,ContractMismatch
Calcorp Services Pty Ltd,Building cleaning services, ,2028.0,114507.0,ContractMismatch
Calcorp Services Pty Ltd,Building maintenance services, ,2025.0,338585.02,ContractMismatch
Calcorp Services Pty Ltd,Building maintenance services, ,2027.0,258293.98,ContractMismatch
Calcorp Services Pty Ltd,Building maintenance services, ,2029.0,585925.94,ContractMismatch
Calcorp Services Pty Ltd,Civil infrastructure services, ,2026.0,80657.86,ContractMismatch
Calcorp Services Pty Ltd,Civil infrastructure services, ,2027.0,175583.22,ContractMismatch
Calcorp Services Pty Ltd,Civil infrastructure services, ,2028.0,169436.5,ContractMismatch
Calcorp Services Pty Ltd,Civil infrastructure services, ,2029.0,150891.86,ContractMismatch
Calcorp Services Pty Ltd,Graffiti management and pressure cleaning services, ,2025.0,26373113.44,ContractMismatch
Calcorp Services Pty Ltd,Graffiti management and pressure cleaning services, ,2026.0,27325292.25,ContractMismatch
Calcorp Services Pty Ltd,Graffiti management and pressure cleaning services, ,2027.0,29259895.26,ContractMismatch
Calcorp Services Pty Ltd,Graffiti management and pressure cleaning services, ,2028.0,27264306.05,ContractMismatch
Calcorp Services Pty Ltd,Graffiti management and pressure cleaning services, ,2029.0,29123539.99,ContractMismatch
Calcorp Services Pty Ltd,Graffiti management and pressure cleaning services,3668,2025.0,546424014.74,OverUpper
Calcorp Services Pty Ltd,Graffiti management and pressure cleaning services,3668,2026.0,542862423.02,OverUpper
Calcorp Services Pty Ltd,Graffiti management and pressure cleaning services,3668,2027.0,559849370.35,OverUpper
Calcorp Services Pty Ltd,Graffiti management and pressure cleaning services,3668,2028.0,558902911.86,OverUpper
Calcorp Services Pty Ltd,Graffiti management and pressure cleaning services,3668,2029.0,551781300.27,OverUpper
Calcorp Services Pty Ltd,Graffiti management and pressure cleaning services,3668,2030.0,1866173.53,UnderLower
Calcorp Services Pty Ltd,Graffiti management and pressure cleaning services,3669,2025.0,1027992.25,ContractMismatch
Calcorp Services Pty Ltd,Graffiti management and pressure cleaning services,3669,2026.0,1327664.81,ContractMismatch
Calcorp Services Pty Ltd,Graffiti management and pressure cleaning services,3669,2027.0,1878085.61,ContractMismatch
Calcorp Services Pty Ltd,Graffiti management and pressure cleaning services,3669,2028.0,1080479.43,ContractMismatch
Calcorp Services Pty Ltd,Graffiti management and pressure cleaning services,3669,2029.0,893821.0700000001,ContractMismatch
Calcorp Services Pty Ltd,Integrated security services, ,2026.0,258372.45,ContractMismatch
Calcorp Services Pty Ltd,Integrated security services, ,2027.0,642543.28,ContractMismatch
Calcorp Services Pty Ltd,Integrated security services, ,2028.0,187446.7,ContractMismatch
Calcorp Services Pty Ltd,Management of Active Melbourne recreation facilities, ,2025.0,174324.93,ContractMismatch
Calcorp Services Pty Ltd,Management of Active Melbourne recreation facilities, ,2028.0,224067.05,ContractMismatch
Calcorp Services Pty Ltd,Melbourne Town Hall venue management, ,2026.0,100000.0,ContractMismatch
Calcorp Services Pty Ltd,Melbourne Town Hall venue management, ,2027.0,150912.8,ContractMismatch
Calcorp Services Pty Ltd,Melbourne Town Hall venue management, ,2029.0,100000.0,ContractMismatch
Calcorp Services Pty Ltd,Open spaces management - region 1, ,2025.0,151787.89,ContractMismatch
Calcorp Services Pty Ltd,Open spaces management - region 1, ,2026.0,167273.18,ContractMismatch
Calcorp Services Pty Ltd,Open spaces management - region 1, ,2027.0,181074.26,ContractMismatch
Calcorp Services Pty Ltd,Open spaces management - region 2, ,2025.0,185311.53,ContractMismatch
Calcorp Services Pty Ltd,Open spaces management - region 2, ,2027.0,338329.5,ContractMismatch
Calcorp Services Pty Ltd,Open spaces management - region 2, ,2028.0,175865.51,ContractMismatch
Calcorp Services Pty Ltd,Open spaces management - region 2, ,2029.0,213555.4,ContractMismatch
Calcorp Services Pty Ltd,Parking technology services, ,2025.0,247313.04,ContractMismatch
Calcorp Services Pty Ltd,Parking technology services, ,2026.0,273240.01,ContractMismatch
Calcorp Services Pty Ltd,Parking technology services, ,2028.0,216754.78,ContractMismatch
Calcorp Services Pty Ltd,Parking technology services, ,2029.0,200000.0,ContractMismatch
Calcorp Services Pty Ltd,Street cleaning, ,2025.0,200000.0,ContractMismatch
Calcorp Services Pty Ltd,Street cleaning, ,2026.0,106569.64,ContractMismatch
Calcorp Services Pty Ltd,Street cleaning, ,2027.0,504611.4,ContractMismatch
Calcorp Services Pty Ltd,Street cleaning, ,2029.0,121014.77,ContractMismatch
Calcorp Services Pty Ltd,Tree management maintenance services, ,2026.0,197441.85,ContractMismatch
Calcorp Services Pty Ltd,Tree management maintenance services, ,2028.0,50103.82,ContractMismatch
Calcorp Services Pty Ltd,Vehicle tow away and impound services, ,2025.0,22241.43,ContractMismatch
Calcorp Services Pty Ltd,Vehicle tow away and impound services, ,2026.0,296851.16000000003,ContractMismatch
Calcorp Services Pty Ltd,Vehicle tow away and impound services, ,2027.0,427189.6,ContractMismatch
Calcorp Services Pty Ltd,Vehicle tow away and impound services, ,2028.0,200000.0,ContractMismatch
Calcorp Services Pty Ltd,Waste management services, ,2025.0,125782.37,ContractMismatch
Calcorp Services Pty Ltd,Waste management services, ,2026.0,0.0,ContractMismatch
Calcorp Services Pty Ltd,Waste management services, ,2027.0,0.0,ContractMismatch
Citywide Service Solutions Pty Ltd,Building cleaning services, ,2026.0,213461.46,ContractMismatch
Citywide Service Solutions Pty Ltd,Building cleaning services, ,2027.0,552163.4299999999,ContractMismatch
Citywide Service Solutions Pty Ltd,Building cleaning services, ,2028.0,437995.63,ContractMismatch
Citywide Service Solutions Pty Ltd,Building cleaning services, ,2029.0,445202.92,ContractMismatch
Citywide Service Solutions Pty Ltd,Building maintenance services, ,2025.0,235199.96,ContractMismatch
Citywide Service Solutions Pty Ltd,Building maintenance services, ,2027.0,0.0,ContractMismatch
Citywide Service Solutions Pty Ltd,Building maintenance services, ,2028.0,165682.16999999998,ContractMismatch
Citywide Service Solutions Pty Ltd,Building maintenance services, ,2029.0,97252.96,ContractMismatch
Citywide Service Solutions Pty Ltd,Civil infrastructure services, ,2025.0,28259917.74,ContractMismatch
Citywide Service Solutions Pty Ltd,Civil infrastructure services, ,2026.0,24921343.3,ContractMismatch
Citywide Service Solutions Pty Ltd,Civil infrastructure services, ,2027.0,28088032.11,ContractMismatch
Citywide Service Solutions Pty Ltd,Civil infrastructure services, ,2028.0,27722679.09,ContractMismatch
Citywide Service Solutions Pty Ltd,Civil infrastructure services, ,2029.0,26327816.21,ContractMismatch
Citywide Service Solutions Pty Ltd,Civil infrastructure services,3665,2025.0,546903073.2,OverUpper
Citywide Service Solutions Pty Ltd,Civil infrastructure services,3665,2026.0,552082393.86,OverUpper
Citywide Service Solutions Pty Ltd,Civil infrastructure services,3665,2027.0,552949400.85,OverUpper
Citywide Service Solutions Pty Ltd,Civil infrastructure services,3665,2028.0,532025423.73,OverUpper
Citywide Service Solutions Pty Ltd,Civil infrastructure services,3665,2029.0,540244750.85,OverUpper
Citywide Service Solutions Pty Ltd,Civil infrastructure services,3665,2030.0,1168568.25,UnderLower
Citywide Service Solutions Pty Ltd,Civil infrastructure services,3676,2025.0,2464654.17,ContractMismatch
Citywide Service Solutions Pty Ltd,Civil infrastructure services,3676,2026.0,1472736.81,ContractMismatch
Citywide Service Solutions Pty Ltd,Civil infrastructure services,3676,2027.0,2064676.32,ContractMismatch
Citywide Service Solutions Pty Ltd,Civil infrastructure services,3676,2028.0,1168988.85,ContractMismatch
Citywide Service Solutions Pty Ltd,Civil infrastructure services,3676,2029.0,1101351.27,ContractMismatch
Citywide Service Solutions Pty Ltd,Civil infrastructure services,3678,2025.0,1996798.9,ContractMismatch
Citywide Service Solutions Pty Ltd,Civil infrastructure services,3678,2026.0,2091585.54,ContractMismatch
Citywide Service Solutions Pty Ltd,Civil infrastructure services,3678,2027.0,1655579.72,ContractMismatch
Citywide Service Solutions Pty Ltd,Civil infrastructure services,3678,2028.0,3585934.08,ContractMismatch
Citywide Service Solutions Pty Ltd,Civil infrastructure services,3678,2029.0,1557361.46,ContractMismatch
Citywide Service Solutions Pty Ltd,Graffiti management and pressure cleaning services, ,2025.0,396274.53,ContractMismatch
Citywide Service Solutions Pty Ltd,Graffiti management and pressure cleaning services, ,2026.0,96794.04,ContractMismatch
Citywide Service Solutions Pty Ltd,Graffiti management and pressure cleaning services, ,2027.0,332572.2,ContractMismatch
Citywide Service Solutions Pty Ltd,Graffiti management and pressure cleaning services, ,2029.0,445670.83,ContractMismatch
Citywide Service Solutions Pty Ltd,Integrated security services, ,2025.0,429834.23,ContractMismatch
Citywide Service Solutions Pty Ltd,Integrated security services, ,2026.0,297787.99,ContractMismatch
Citywide Service Solutions Pty Ltd,Integrated security services, ,2027.0,41649.66,ContractMismatch
Citywide Service Solutions Pty Ltd,Integrated security services, ,2028.0,270922.0,ContractMismatch
Citywide Service Solutions Pty Ltd,Integrated security services, ,2029.0,386935.39,ContractMismatch
Citywide Service Solutions Pty Ltd,Management of Active Melbourne recreation facilities, ,2025.0,45108.22,ContractMismatch
Citywide Service Solutions Pty Ltd,Management of Active Melbourne recreation facilities, ,2026.0,105184.39,ContractMismatch
Citywide Service Solutions Pty Ltd,Management of Active Melbourne recreation facilities, ,2027.0,423894.58,ContractMismatch
Citywide Service Solutions Pty Ltd,Management of Active Melbourne recreation facilities, ,2028.0,95677.02,ContractMismatch
Citywide Service Solutions Pty Ltd,Management of Active Melbourne recreation facilities, ,2029.0,283769.02,ContractMismatch
Citywide Service Solutions Pty Ltd,Melbourne Town Hall venue management, ,2025.0,130856.7,ContractMismatch
Citywide Service Solutions Pty Ltd,Melbourne Town Hall venue management, ,2026.0,366318.43,ContractMismatch
Citywide Service Solutions Pty Ltd,Melbourne Town Hall venue management, ,2027.0,698974.13,ContractMismatch
Citywide Service Solutions Pty Ltd,Melbourne Town Hall venue management, ,2028.0,270950.42,ContractMismatch
Citywide Service Solutions Pty Ltd,Melbourne Town Hall venue management, ,2029.0,325229.74,ContractMismatch
Citywide Service Solutions Pty Ltd,Open spaces management - region 1, ,2025.0,26580252.81,ContractMismatch
Citywide Service Solutions Pty Ltd,Open spaces management - region 1, ,2026.0,29421902.91,ContractMismatch
Citywide Service Solutions Pty Ltd,Open spaces management - region 1, ,2027.0,25387444.26,ContractMismatch
Citywide Service Solutions Pty Ltd,Open spaces management - region 1, ,2028.0,30010413.42,ContractMismatch
Citywide Service Solutions Pty Ltd,Open spaces management - region 1, ,2029.0,30163450.61,ContractMismatch
Citywide Service Solutions Pty Ltd,Open spaces management - region 1,3665,2025.0,2707780.28,ContractMismatch
Citywide Service Solutions Pty Ltd,Open spaces management - region 1,3665,2026.0,878569.45,ContractMismatch
Citywide Service Solutions Pty Ltd,Open spaces management - region 1,3665,2027.0,1826955.91,ContractMismatch
Citywide Service Solutions Pty Ltd,Open spaces management - region 1,3665,2028.0,2338816.66,ContractMismatch
Citywide Service Solutions Pty Ltd,Open spaces management - region 1,3665,2029.0,3003209.74,ContractMismatch
Citywide Service Solutions Pty Ltd,Open spaces management - region 1,3665,2030.0,200000.0,ContractMismatch
Citywide Service Solutions Pty Ltd,Open spaces management - region 1,3676,2025.0,547314448.69,OverUpper
Citywide Service Solutions Pty Ltd,Open spaces management - region 1,3676,2026.0,544087685.85,OverUpper
Citywide Service Solutions Pty Ltd,Open spaces management - region 1,3676,2027.0,562092355.16,OverUpper
Citywide Service Solutions Pty Ltd,Open spaces management - region 1,3676,2028.0,549760268.53,OverUpper
Citywide Service Solutions Pty Ltd,Open spaces management - region 1,3676,2029.0,563763667.77,OverUpper
Citywide Service Solutions Pty Ltd,Open spaces management - region 1,3676,2030.0,2308280.55,UnderLower
Citywide Service Solutions Pty Ltd,Open spaces management - region 1,3678,2025.0,2247479.48,ContractMismatch
Citywide Service Solutions Pty Ltd,Open spaces management - region 1,3678,2026.0,2243437.89,ContractMismatch
Citywide Service Solutions Pty Ltd,Open spaces management - region 1,3678,2027.0,2005106.34,ContractMismatch
Citywide Service Solutions Pty Ltd,Open spaces management - region 1,3678,2028.0,2283613.15,ContractMismatch
Citywide Service Solutions Pty Ltd,Open spaces management - region 1,3678,2029.0,2233819.99,ContractMismatch
Citywide Service Solutions Pty Ltd,Open spaces management - region 2, ,2025.0,312491.91000000003,ContractMismatch
Citywide Service Solutions Pty Ltd,Open spaces management - region 2, ,2026.0,556576.84,ContractMismatch
Citywide Service Solutions Pty Ltd,Open spaces management - region 2, ,2027.0,238026.62,ContractMismatch
Citywide Service Solutions Pty Ltd,Open spaces management - region 2, ,2028.0,163054.23,ContractMismatch
Citywide Service Solutions Pty Ltd,Open spaces management - region 2, ,2029.0,146968.24,ContractMismatch
Citywide Service Solutions Pty Ltd,Parking technology services, ,2025.0,727417.62,ContractMismatch
Citywide Service Solutions Pty Ltd,Parking technology services, ,2028.0,653674.0800000001,ContractMismatch
Citywide Service Solutions Pty Ltd,Parking technology services, ,2029.0,99425.26,ContractMismatch
Citywide Service Solutions Pty Ltd,Street cleaning, ,2025.0,65797.38,ContractMismatch
Citywide Service Solutions Pty Ltd,Street cleaning, ,2026.0,325456.6,ContractMismatch
Citywide Service Solutions Pty Ltd,Street cleaning, ,2027.0,300000.0,ContractMismatch
Citywide Service Solutions Pty Ltd,Street cleaning, ,2028.0,291442.49,ContractMismatch
Citywide Service Solutions Pty Ltd,Street cleaning, ,2029.0,468125.11,ContractMismatch
Citywide Service Solutions Pty Ltd,Tree management maintenance services, ,2025.0,31225024.65,ContractMismatch
Citywide Service Solutions Pty Ltd,Tree management maintenance services, ,2026.0,30801055.94,ContractMismatch
Citywide Service Solutions Pty Ltd,Tree management maintenance services, ,2027.0,27948080.5,ContractMismatch
Citywide Service Solutions Pty Ltd,Tree management maintenance services, ,2028.0,29803482.73,ContractMismatch
Citywide Service Solutions Pty Ltd,Tree management maintenance services, ,2029.0,28729795.25,ContractMismatch
Citywide Service Solutions Pty Ltd,Tree management maintenance services,3665,2025.0,1625282.99,ContractMismatch
Citywide Service Solutions Pty Ltd,Tree management maintenance services,3665,2026.0,2766674.55,ContractMismatch
Citywide Service Solutions Pty Ltd,Tree management maintenance services,3665,2027.0,1714524.35,ContractMismatch
Citywide Service Solutions Pty Ltd,Tree management maintenance services,3665,2028.0,2578533.94,ContractMismatch
Citywide Service Solutions Pty Ltd,Tree management maintenance services,3665,2029.0,1644482.06,ContractMismatch
Citywide Service Solutions Pty Ltd,Tree management maintenance services,3665,2030.0,215422.28,ContractMismatch
Citywide Service Solutions Pty Ltd,Tree management maintenance services,3676,2025.0,2253924.32,ContractMismatch
Citywide Service Solutions Pty Ltd,Tree management maintenance services,3676,2026.0,1919351.2,ContractMismatch
Citywide Service Solutions Pty Ltd,Tree management maintenance services,3676,2027.0,1753291.08,ContractMismatch
Citywide Service Solutions Pty Ltd,Tree management maintenance services,3676,2028.0,1753501.32,ContractMismatch
Citywide Service Solutions Pty Ltd,Tree management maintenance services,3676,2029.0,1821753.71,ContractMismatch
Citywide Service Solutions Pty Ltd,Tree management maintenance services,3678,2025.0,559227030.22,OverUpper
Citywide Service Solutions Pty Ltd,Tree management maintenance services,3678,2026.0,558999089.52,OverUpper
Citywide Service Solutions Pty Ltd,Tree management maintenance services,3678,2027.0,551792214.83,OverUpper
Citywide Service Solutions Pty Ltd,Tree management maintenance services,3678,2028.0,551014587.1,OverUpper
Citywide Service Solutions Pty Ltd,Tree management maintenance services,3678,2029.0,537009254.58,OverUpper
Citywide Service Solutions Pty Ltd,Tree management maintenance services,3678,2030.0,1943872.22,UnderLower
Citywide Service Solutions Pty Ltd,Vehicle tow away and impound services, ,2025.0,226107.68,ContractMismatch
Citywide Service Solutions Pty Ltd,Vehicle tow away and impound services, ,2026.0,198786.44,ContractMismatch
Citywide Service Solutions Pty Ltd,Vehicle tow away and impound services, ,2027.0,128656.6,ContractMismatch
Citywide Service Solutions Pty Ltd,Vehicle tow away and impound services, ,2028.0,233736.47,ContractMismatch
Citywide Service Solutions Pty Ltd,Vehicle tow away and impound services, ,2029.0,422098.04,ContractMismatch
Citywide Service Solutions Pty Ltd,Waste management services, ,2025.0,119802.72,ContractMismatch
Citywide Service Solutions Pty Ltd,Waste management services, ,2026.0,276223.99,ContractMismatch
Citywide Service Solutions Pty Ltd,Waste management services, ,2027.0,602111.8400000001,ContractMismatch
Citywide Service Solutions Pty Ltd,Waste management services, ,2029.0,286863.36,ContractMismatch
Cleanaway Waste Management Limited,Building cleaning services, ,2027.0,531150.01,ContractMismatch
Cleanaway Waste Management Limited,Building cleaning services, ,2029.0,0.0,ContractMismatch
Cleanaway Waste Management Limited,Building maintenance services, ,2026.0,100000.0,ContractMismatch
Cleanaway Waste Management Limited,Building maintenance services, ,2028.0,50252.77,ContractMismatch
Cleanaway Waste Management Limited,Building maintenance services, ,2029.0,308929.15,ContractMismatch
Cleanaway Waste Management Limited,Civil infrastructure services, ,2026.0,200000.0,ContractMismatch
Cleanaway Waste Management Limited,Civil infrastructure services, ,2029.0,233921.79,ContractMismatch
Cleanaway Waste Management Limited,Graffiti management and pressure cleaning services, ,2025.0,228607.11,ContractMismatch
Cleanaway Waste Management Limited,Graffiti management and pressure cleaning services, ,2029.0,43961.31,ContractMismatch
Cleanaway Waste Management Limited,Integrated security services, ,2026.0,274701.02,ContractMismatch
Cleanaway Waste Management Limited,Integrated security services, ,2028.0,139052.79,ContractMismatch
Cleanaway Waste Management Limited,Integrated security services, ,2029.0,388159.74,ContractMismatch
Cleanaway Waste Management Limited,Management of Active Melbourne recreation facilities, ,2027.0,472566.73,ContractMismatch
Cleanaway Waste Management Limited,Management of Active Melbourne recreation facilities, ,2028.0,341872.19,ContractMismatch
Cleanaway Waste Management Limited,Management of Active Melbourne recreation facilities, ,2029.0,89384.65,ContractMismatch
Cleanaway Waste Management Limited,Melbourne Town Hall venue management, ,2025.0,236662.4,ContractMismatch
Cleanaway Waste Management Limited,Melbourne Town Hall venue management, ,2026.0,37074.34,ContractMismatch
Cleanaway Waste Management Limited,Melbourne Town Hall venue management, ,2027.0,159428.4,ContractMismatch
Cleanaway Waste Management Limited,Melbourne Town Hall venue management, ,2028.0,38265.13,ContractMismatch
Cleanaway Waste Management Limited,Open spaces management - region 1, ,2025.0,120287.35,ContractMismatch
Cleanaway Waste Management Limited,Open spaces management - region 1, ,2026.0,312695.97,ContractMismatch
Cleanaway Waste Management Limited,Open spaces management - region 1, ,2027.0,100000.0,ContractMismatch
Cleanaway Waste Management Limited,Open spaces management - region 1, ,2028.0,97068.9,ContractMismatch
Cleanaway Waste Management Limited,Open spaces management - region 2, ,2025.0,226630.1,ContractMismatch
Cleanaway Waste Management Limited,Open spaces management - region 2, ,2026.0,222178.45,ContractMismatch
Cleanaway Waste Management Limited,Open spaces management - region 2, ,2029.0,229159.23,ContractMismatch
Cleanaway Waste Management Limited,Street cleaning, ,2026.0,230267.33,ContractMismatch
Cleanaway Waste Management Limited,Street cleaning, ,2028.0,100000.0,ContractMismatch
Cleanaway Waste Management Limited,Tree management maintenance services, ,2025.0,200000.0,ContractMismatch
Cleanaway Waste Management Limited,Tree management maintenance services, ,2026.0,102380.82,ContractMismatch
Cleanaway Waste Management Limited,Tree management maintenance services, ,2027.0,223268.02,ContractMismatch
Cleanaway Waste Management Limited,Tree management maintenance services, ,2029.0,100000.0,ContractMismatch
Cleanaway Waste Management Limited,Vehicle tow away and impound services, ,2026.0,151207.89,ContractMismatch
Cleanaway Waste Management Limited,Vehicle tow away and impound services, ,2027.0,93554.27,ContractMismatch
Cleanaway Waste Management Limited,Vehicle tow away and impound services, ,2029.0,28106.55,ContractMismatch
Cleanaway Waste Management Limited,Waste management services, ,2025.0,30119756.46,ContractMismatch
Cleanaway Waste Management Limited,Waste management services, ,2026.0,26594216.53,ContractMismatch
Cleanaway Waste Management Limited,Waste management services, ,2027.0,31316425.15,ContractMismatch
Cleanaway Waste Management Limited,Waste management services, ,2028.0,25909936.54,ContractMismatch
Cleanaway Waste Management Limited,Waste management services, ,2029.0,31722457.2,ContractMismatch
Cleanaway Waste Management Limited,Waste management services, ,2030.0,0.0,ContractMismatch
Cleanaway Waste Management Limited,Waste management services,3556,2025.0,571047064.39,WithinBounds
Cleanaway Waste Management Limited,Waste management services,3556,2026.0,541987039.07,WithinBounds
Cleanaway Waste Management Limited,Waste management services,3556,2027.0,554042295.29,WithinBounds
Cleanaway Waste Management Limited,Waste management services,3556,2028.0,545876701.48,WithinBounds
Cleanaway Waste Management Limited,Waste management services,3556,2029.0,551149269.44,WithinBounds
Cleanaway Waste Management Limited,Waste management services,3556,2030.0,234576.62,UnderLower
Menzies International (Aust) Pty Ltd,Building cleaning services, ,2025.0,28268175.17,ContractMismatch
Menzies International (Aust) Pty Ltd,Building cleaning services, ,2026.0,28538142.32,ContractMismatch
Menzies International (Aust) Pty Ltd,Building cleaning services, ,2027.0,32846721.98,ContractMismatch
Menzies International (Aust) Pty Ltd,Building cleaning services, ,2028.0,27398178.74,ContractMismatch
Menzies International (Aust) Pty Ltd,Building cleaning services, ,2029.0,26572141.6,ContractMismatch
Menzies International (Aust) Pty Ltd,Building cleaning services, ,2030.0,0.0,ContractMismatch
Menzies International (Aust) Pty Ltd,Building cleaning services,3634,2025.0,544352008.98,OverUpper
Menzies International (Aust) Pty Ltd,Building cleaning services,3634,2026.0,562991354.96,OverUpper
Menzies International (Aust) Pty Ltd,Building cleaning services,3634,2027.0,532509334.37,OverUpper
Menzies International (Aust) Pty Ltd,Building cleaning services,3634,2028.0,556880539.93,OverUpper
Menzies International (Aust) Pty Ltd,Building cleaning services,3634,2029.0,552027979.65,OverUpper
Menzies International (Aust) Pty Ltd,Building cleaning services,3634,2030.0,1087132.45,UnderLower
Menzies International (Aust) Pty Ltd,Building maintenance services, ,2025.0,200000.0,ContractMismatch
Menzies International (Aust) Pty Ltd,Building maintenance services, ,2026.0,167489.3,ContractMismatch
Menzies International (Aust) Pty Ltd,Building maintenance services, ,2028.0,106683.8,ContractMismatch
Menzies International (Aust) Pty Ltd,Civil infrastructure services, ,2026.0,83612.13,ContractMismatch
Menzies International (Aust) Pty Ltd,Graffiti management and pressure cleaning services, ,2025.0,307688.56,ContractMismatch
Menzies International (Aust) Pty Ltd,Graffiti management and pressure cleaning services, ,2026.0,72904.20000000001,ContractMismatch
Menzies International (Aust) Pty Ltd,Graffiti management and pressure cleaning services, ,2028.0,175944.16,ContractMismatch
Menzies International (Aust) Pty Ltd,Graffiti management and pressure cleaning services, ,2029.0,81621.38,ContractMismatch
Menzies International (Aust) Pty Ltd,Integrated security services, ,2025.0,208715.01,ContractMismatch
Menzies International (Aust) Pty Ltd,Integrated security services, ,2026.0,34342.69,ContractMismatch
Menzies International (Aust) Pty Ltd,Integrated security services, ,2027.0,203424.53,ContractMismatch
Menzies International (Aust) Pty Ltd,Integrated security services, ,2028.0,12627.91,ContractMismatch
Menzies International (Aust) Pty Ltd,Management of Active Melbourne recreation facilities, ,2025.0,236548.46,ContractMismatch
Menzies International (Aust) Pty Ltd,Management of Active Melbourne recreation facilities, ,2026.0,79402.81,ContractMismatch
Menzies International (Aust) Pty Ltd,Management of Active Melbourne recreation facilities, ,2027.0,100000.0,ContractMismatch
Menzies International (Aust) Pty Ltd,Management of Active Melbourne recreation facilities, ,2028.0,11785.59,ContractMismatch
Menzies International (Aust) Pty Ltd,Melbourne Town Hall venue management, ,2027.0,116098.42,ContractMismatch
Menzies International (Aust) Pty Ltd,Melbourne Town Hall venue management, ,2029.0,249580.23,ContractMismatch
Menzies International (Aust) Pty Ltd,Open spaces management - region 1, ,2026.0,643577.2,ContractMismatch
Menzies International (Aust) Pty Ltd,Open spaces management - region 1, ,2028.0,225627.99,ContractMismatch
Menzies International (Aust) Pty Ltd,Open spaces management - region 1, ,2029.0,200000.0,ContractMismatch
Menzies International (Aust) Pty Ltd,Open spaces management - region 2, ,2025.0,200000.0,ContractMismatch
Menzies International (Aust) Pty Ltd,Open spaces management - region 2, ,2027.0,158726.39,ContractMismatch
Menzies International (Aust) Pty Ltd,Open spaces management - region 2, ,2028.0,302855.67,ContractMismatch
Menzies International (Aust) Pty Ltd,Parking technology services, ,2025.0,0.0,ContractMismatch
Menzies International (Aust) Pty Ltd,Parking technology services, ,2027.0,100000.0,ContractMismatch
Menzies International (Aust) Pty Ltd,Parking technology services, ,2029.0,233453.01,ContractMismatch
Menzies International (Aust) Pty Ltd,Street cleaning, ,2026.0,100000.0,ContractMismatch
Menzies International (Aust) Pty Ltd,Street cleaning, ,2028.0,200000.0,ContractMismatch
Menzies International (Aust) Pty Ltd,Street cleaning, ,2029.0,224763.52,ContractMismatch
Menzies International (Aust) Pty Ltd,Tree management maintenance services, ,2025.0,143564.01,ContractMismatch
Menzies International (Aust) Pty Ltd,Tree management maintenance services, ,2026.0,100000.0,ContractMismatch
Menzies International (Aust) Pty Ltd,Vehicle tow away and impound services, ,2025.0,193616.64,ContractMismatch
Menzies International (Aust) Pty Ltd,Waste management services, ,2027.0,0.0,ContractMismatch
Menzies International (Aust) Pty Ltd,Waste management services, ,2028.0,63455.78,ContractMismatch
Menzies International (Aust) Pty Ltd,Waste management services, ,2029.0,259883.08,ContractMismatch
National Protective Services Pty Ltd,Building cleaning services, ,2026.0,100000.0,ContractMismatch
National Protective Services Pty Ltd,Building cleaning services, ,2027.0,129172.93,ContractMismatch
National Protective Services Pty Ltd,Building maintenance services, ,2025.0,200000.0,ContractMismatch
National Protective Services Pty Ltd,Building maintenance services, ,2028.0,215067.77,ContractMismatch
National Protective Services Pty Ltd,Building maintenance services, ,2029.0,100000.0,ContractMismatch
National Protective Services Pty Ltd,Civil infrastructure services, ,2025.0,394851.96,ContractMismatch
National Protective Services Pty Ltd,Civil infrastructure services, ,2026.0,214751.97,ContractMismatch
National Protective Services Pty Ltd,Civil infrastructure services, ,2027.0,237549.61,ContractMismatch
National Protective Services Pty Ltd,Civil infrastructure services, ,2028.0,353346.18,ContractMismatch
National Protective Services Pty Ltd,Civil infrastructure services, ,2029.0,200000.0,ContractMismatch
National Protective Services Pty Ltd,Graffiti management and pressure cleaning services, ,2025.0,0.0,ContractMismatch
National Protective Services Pty Ltd,Graffiti management and pressure cleaning services, ,2029.0,85138.34,ContractMismatch
National Protective Services Pty Ltd,Integrated security services, ,2025.0,28800727.44,ContractMismatch
National Protective Services Pty Ltd,Integrated security services, ,2026.0,30513863.65,ContractMismatch
National Protective Services Pty Ltd,Integrated security services, ,2027.0,24675838.62,ContractMismatch
National Protective Services Pty Ltd,Integrated security services, ,2028.0,26843430.63,ContractMismatch
National Protective Services Pty Ltd,Integrated security services, ,2029.0,28785188.78,ContractMismatch
National Protective Services Pty Ltd,Integrated security services, ,2030.0,15047.84,ContractMismatch
National Protective Services Pty Ltd,Integrated security services,3686,2025.0,557069558.07,OverUpper
National Protective Services Pty Ltd,Integrated security services,3686,2026.0,551712742.4,OverUpper
National Protective Services Pty Ltd,Integrated security services,3686,2027.0,540427179.75,OverUpper
National Protective Services Pty Ltd,Integrated security services,3686,2028.0,563115274.5,OverUpper
National Protective Services Pty Ltd,Integrated security services,3686,2029.0,554055709.91,OverUpper
National Protective Services Pty Ltd,Integrated security services,3686,2030.0,2343505.88,WithinBounds
National Protective Services Pty Ltd,Management of Active Melbourne recreation facilities, ,2026.0,361412.03,ContractMismatch
National Protective Services Pty Ltd,Melbourne Town Hall venue management, ,2026.0,406439.65,ContractMismatch
National Protective Services Pty Ltd,Melbourne Town Hall venue management, ,2027.0,388967.53,ContractMismatch
National Protective Services Pty Ltd,Melbourne Town Hall venue management, ,2029.0,137973.03,ContractMismatch
National Protective Services Pty Ltd,Open spaces management - region 1, ,2026.0,281182.0,ContractMismatch
National Protective Services Pty Ltd,Open spaces management - region 1, ,2027.0,238890.15,ContractMismatch
National Protective Services Pty Ltd,Open spaces management - region 2, ,2025.0,61409.82,ContractMismatch
National Protective Services Pty Ltd,Open spaces management - region 2, ,2026.0,504929.72,ContractMismatch
National Protective Services Pty Ltd,Open spaces management - region 2, ,2028.0,291395.24,ContractMismatch
National Protective Services Pty Ltd,Parking technology services, ,2026.0,160893.29,ContractMismatch
National Protective Services Pty Ltd,Parking technology services, ,2027.0,222556.01,ContractMismatch
National Protective Services Pty Ltd,Parking technology services, ,2029.0,56322.23,ContractMismatch
National Protective Services Pty Ltd,Street cleaning, ,2027.0,149740.35,ContractMismatch
National Protective Services Pty Ltd,Street cleaning, ,2028.0,0.0,ContractMismatch
National Protective Services Pty Ltd,Tree management maintenance services, ,2029.0,334773.28,ContractMismatch
National Protective Services Pty Ltd,Vehicle tow away and impound services, ,2025.0,346279.8,ContractMismatch
National Protective Services Pty Ltd,Vehicle tow away and impound services, ,2026.0,128054.09,ContractMismatch
National Protective Services Pty Ltd,Vehicle tow away and impound services, ,2028.0,201077.31,ContractMismatch
National Protective Services Pty Ltd,Vehicle tow away and impound services, ,2029.0,200000.0,ContractMismatch
National Protective Services Pty Ltd,Waste management services, ,2025.0,0.0,ContractMismatch
National Protective Services Pty Ltd,Waste management services, ,2029.0,140553.81,ContractMismatch
Nationwide Towing Services,Building cleaning services, ,2026.0,162047.58,ContractMismatch
Nationwide Towing Services,Building maintenance services, ,2025.0,73789.9,ContractMismatch
Nationwide Towing Services,Building maintenance services, ,2026.0,404249.93000000005,ContractMismatch
Nationwide Towing Services,Building maintenance services, ,2027.0,224877.19,ContractMismatch
Nationwide Towing Services,Building maintenance services, ,2029.0,322460.11,ContractMismatch
Nationwide Towing Services,Civil infrastructure services, ,2025.0,143288.63,ContractMismatch
Nationwide Towing Services,Civil infrastructure services, ,2027.0,100000.0,ContractMismatch
Nationwide Towing Services,Integrated security services, ,2026.0,116775.8,ContractMismatch
Nationwide Towing Services,Integrated security services, ,2028.0,41614.78,ContractMismatch
Nationwide Towing Services,Management of Active Melbourne recreation facilities, ,2026.0,222900.1,ContractMismatch
Nationwide Towing Services,Management of Active Melbourne recreation facilities, ,2027.0,176435.94,ContractMismatch
Nationwide Towing Services,Management of Active Melbourne recreation facilities, ,2028.0,123276.53,ContractMismatch
Nationwide Towing Services,Management of Active Melbourne recreation facilities, ,2029.0,16544.31,ContractMismatch
Nationwide Towing Services,Melbourne Town Hall venue management, ,2027.0,320026.77,ContractMismatch
Nationwide Towing Services,Melbourne Town Hall venue management, ,2028.0,130009.62,ContractMismatch
Nationwide Towing Services,Open spaces management - region 1, ,2026.0,125700.82,ContractMismatch
Nationwide Towing Services,Open spaces management - region 1, ,2029.0,102688.27,ContractMismatch
Nationwide Towing Services,Open spaces management - region 2, ,2025.0,83882.23,ContractMismatch
Nationwide Towing Services,Open spaces management - region 2, ,2026.0,114369.64,ContractMismatch
Nationwide Towing Services,Open spaces management - region 2, ,2028.0,100000.0,ContractMismatch
Nationwide Towing Services,Open spaces management - region 2, ,2029.0,163953.38,ContractMismatch
Nationwide Towing Services,Parking technology services, ,2026.0,201772.78,ContractMismatch
Nationwide Towing Services,Street cleaning, ,2026.0,9125.27,ContractMismatch
Nationwide Towing Services,Street cleaning, ,2027.0,226127.83,ContractMismatch
Nationwide Towing Services,Street cleaning, ,2028.0,140037.64,ContractMismatch
Nationwide Towing Services,Tree management maintenance services, ,2025.0,249295.66000000003,ContractMismatch
Nationwide Towing Services,Tree management maintenance services, ,2026.0,153915.62,ContractMismatch
Nationwide Towing Services,Tree management maintenance services, ,2028.0,435036.37,ContractMismatch
Nationwide Towing Services,Tree management maintenance services, ,2029.0,317600.81,ContractMismatch
Nationwide Towing Services,Vehicle tow away and impound services, ,2025.0,27304254.65,ContractMismatch
Nationwide Towing Services,Vehicle tow away and impound services, ,2026.0,26733182.79,ContractMismatch
Nationwide Towing Services,Vehicle tow away and impound services, ,2027.0,26999744.65,ContractMismatch
Nationwide Towing Services,Vehicle tow away and impound services, ,2028.0,25682620.94,ContractMismatch
Nationwide Towing Services,Vehicle tow away and impound services, ,2029.0,27046241.76,ContractMismatch
Nationwide Towing Services,Vehicle tow away and impound services, ,2030.0,32473.44,ContractMismatch
Nationwide Towing Services,Vehicle tow away and impound services,3585,2025.0,557579805.38,OverUpper
Nationwide Towing Services,Vehicle tow away and impound services,3585,2026.0,533859877.94,OverUpper
Nationwide Towing Services,Vehicle tow away and impound services,3585,2027.0,549568091.0,OverUpper
Nationwide Towing Services,Vehicle tow away and impound services,3585,2028.0,568506556.91,OverUpper
Nationwide Towing Services,Vehicle tow away and impound services,3585,2029.0,537512656.92,OverUpper
Nationwide Towing Services,Vehicle tow away and impound services,3585,2030.0,1608660.2,WithinBounds
Nationwide Towing Services,Waste management services, ,2025.0,209978.06,ContractMismatch
Nationwide Towing Services,Waste management services, ,2026.0,0.0,ContractMismatch
Nationwide Towing Services,Waste management services, ,2027.0,146907.74,ContractMismatch
Nationwide Towing Services,Waste management services, ,2028.0,14578.6,ContractMismatch
Programmed Facility Management Pty Ltd,Building cleaning services, ,2025.0,241386.79,ContractMismatch
Programmed Facility Management Pty Ltd,Building cleaning services, ,2026.0,469970.04,ContractMismatch
Programmed Facility Management Pty Ltd,Building cleaning services, ,2027.0,225389.69,ContractMismatch
Programmed Facility Management Pty Ltd,Building cleaning services, ,2029.0,94855.47,ContractMismatch
Programmed Facility Management Pty Ltd,Building maintenance services, ,2025.0,28858675.7,ContractMismatch
Programmed Facility Management Pty Ltd,Building maintenance services, ,2026.0,28001608.86,ContractMismatch
Programmed Facility Management Pty Ltd,Building maintenance services, ,2027.0,24201340.42,ContractMismatch
Programmed Facility Management Pty Ltd,Building maintenance services, ,2028.0,27221126.01,ContractMismatch
Programmed Facility Management Pty Ltd,Building maintenance services, ,2029.0,27885368.24,ContractMismatch
Programmed Facility Management Pty Ltd,Building maintenance services,3630,2025.0,558292710.68,OverUpper
Programmed Facility Management Pty Ltd,Building maintenance services,3630,2026.0,549511705.48,OverUpper
Programmed Facility Management Pty Ltd,Building maintenance services,3630,2027.0,563655343.56,OverUpper
Programmed Facility Management Pty Ltd,Building maintenance services,3630,2028.0,563718239.52,OverUpper
Programmed Facility Management Pty Ltd,Building maintenance services,3630,2029.0,560201514.72,OverUpper
Programmed Facility Management Pty Ltd,Building maintenance services,3630,2030.0,838839.26,UnderLower
Programmed Facility Management Pty Ltd,Civil infrastructure services, ,2025.0,136470.17,ContractMismatch
Programmed Facility Management Pty Ltd,Civil infrastructure services, ,2026.0,343600.08,ContractMismatch
Programmed Facility Management Pty Ltd,Civil infrastructure services, ,2027.0,272475.89,ContractMismatch
Programmed Facility Management Pty Ltd,Civil infrastructure services, ,2028.0,174012.01,ContractMismatch
Programmed Facility Management Pty Ltd,Civil infrastructure services, ,2029.0,1018358.92,ContractMismatch
Programmed Facility Management Pty Ltd,Graffiti management and pressure cleaning services, ,2025.0,465919.5,ContractMismatch
Programmed Facility Management Pty Ltd,Graffiti management and pressure cleaning services, ,2027.0,33596.81,ContractMismatch
Programmed Facility Management Pty Ltd,Graffiti management and pressure cleaning services, ,2029.0,12359.06,ContractMismatch
Programmed Facility Management Pty Ltd,Integrated security services, ,2026.0,304569.46,ContractMismatch
Programmed Facility Management Pty Ltd,Integrated security services, ,2027.0,435945.75,ContractMismatch
Programmed Facility Management Pty Ltd,Integrated security services, ,2028.0,212896.54,ContractMismatch
Programmed Facility Management Pty Ltd,Integrated security services, ,2029.0,170220.53,ContractMismatch
Programmed Facility Management Pty Ltd,Management of Active Melbourne recreation facilities, ,2025.0,218348.26,ContractMismatch
Programmed Facility Management Pty Ltd,Management of Active Melbourne recreation facilities, ,2027.0,197680.38,ContractMismatch
Programmed Facility Management Pty Ltd,Management of Active Melbourne recreation facilities, ,2028.0,200000.0,ContractMismatch
Programmed Facility Management Pty Ltd,Management of Active Melbourne recreation facilities, ,2029.0,226157.62,ContractMismatch
Programmed Facility Management Pty Ltd,Melbourne Town Hall venue management, ,2025.0,148612.6,ContractMismatch
Programmed Facility Management Pty Ltd,Melbourne Town Hall venue management, ,2027.0,384259.82,ContractMismatch
Programmed Facility Management Pty Ltd,Melbourne Town Hall venue management, ,2029.0,174808.57,ContractMismatch
Programmed Facility Management Pty Ltd,Open spaces management - region 1, ,2026.0,227788.45,ContractMismatch
Programmed Facility Management Pty Ltd,Open spaces management - region 1, ,2027.0,108793.23,ContractMismatch
Programmed Facility Management Pty Ltd,Open spaces management - region 1, ,2029.0,179408.59999999998,ContractMismatch
Programmed Facility Management Pty Ltd,Open spaces management - region 2, ,2025.0,209805.41,ContractMismatch
Programmed Facility Management Pty Ltd,Open spaces management - region 2, ,2026.0,167354.37,ContractMismatch
Programmed Facility Management Pty Ltd,Open spaces management - region 2, ,2027.0,342449.76,ContractMismatch
Programmed Facility Management Pty Ltd,Open spaces management - region 2, ,2028.0,69256.63,ContractMismatch
Programmed Facility Management Pty Ltd,Open spaces management - region 2, ,2029.0,0.0,ContractMismatch
Programmed Facility Management Pty Ltd,Parking technology services, ,2025.0,130435.09,ContractMismatch
Programmed Facility Management Pty Ltd,Parking technology services, ,2029.0,10374.52,ContractMismatch
Programmed Facility Management Pty Ltd,Street cleaning, ,2027.0,223881.74,ContractMismatch
Programmed Facility Management Pty Ltd,Street cleaning, ,2029.0,7466.61,ContractMismatch
Programmed Facility Management Pty Ltd,Tree management maintenance services, ,2025.0,62658.99,ContractMismatch
Programmed Facility Management Pty Ltd,Tree management maintenance services, ,2027.0,239767.96,ContractMismatch
Programmed Facility Management Pty Ltd,Tree management maintenance services, ,2028.0,4642.74,ContractMismatch
Programmed Facility Management Pty Ltd,Tree management maintenance services, ,2029.0,144589.16999999998,ContractMismatch
Programmed Facility Management Pty Ltd,Vehicle tow away and impound services, ,2025.0,196760.11,ContractMismatch
Programmed Facility Management Pty Ltd,Vehicle tow away and impound services, ,2027.0,169781.75,ContractMismatch
Programmed Facility Management Pty Ltd,Vehicle tow away and impound services, ,2029.0,343504.38,ContractMismatch
Programmed Facility Management Pty Ltd,Waste management services, ,2025.0,100000.0,ContractMismatch
Programmed Facility Management Pty Ltd,Waste management services, ,2026.0,57411.54,ContractMismatch
Programmed Facility Management Pty Ltd,Waste management services, ,2027.0,130134.01,ContractMismatch
Programmed Facility Management Pty Ltd,Waste management services, ,2028.0,323645.82,ContractMismatch
Programmed Facility Management Pty Ltd,Waste management services, ,2029.0,241816.38,ContractMismatch
Reino International Pty Ltd T/A Duncan Solutions,Building cleaning services, ,2026.0,100000.0,ContractMismatch
Reino International Pty Ltd T/A Duncan Solutions,Building cleaning services, ,2027.0,6048.03,ContractMismatch
Reino International Pty Ltd T/A Duncan Solutions,Building cleaning services, ,2028.0,35992.41,ContractMismatch
Reino International Pty Ltd T/A Duncan Solutions,Building maintenance services, ,2025.0,190410.52,ContractMismatch
Reino International Pty Ltd T/A Duncan Solutions,Building maintenance services, ,2026.0,158398.17,ContractMismatch
Reino International Pty Ltd T/A Duncan Solutions,Building maintenance services, ,2028.0,76156.54,ContractMismatch
Reino International Pty Ltd T/A Duncan Solutions,Civil infrastructure services, ,2028.0,83587.36,ContractMismatch
Reino International Pty Ltd T/A Duncan Solutions,Civil infrastructure services, ,2029.0,0.0,ContractMismatch
Reino International Pty Ltd T/A Duncan Solutions,Graffiti management and pressure cleaning services, ,2025.0,7188.25,ContractMismatch
Reino International Pty Ltd T/A Duncan Solutions,Graffiti management and pressure cleaning services, ,2029.0,87219.31,ContractMismatch
Reino International Pty Ltd T/A Duncan Solutions,Integrated security services, ,2025.0,341527.65,ContractMismatch
Reino International Pty Ltd T/A Duncan Solutions,Integrated security services, ,2028.0,205075.43,ContractMismatch
Reino International Pty Ltd T/A Duncan Solutions,Integrated security services, ,2029.0,204180.04,ContractMismatch
Reino International Pty Ltd T/A Duncan Solutions,Management of Active Melbourne recreation facilities, ,2028.0,234111.24,ContractMismatch
Reino International Pty Ltd T/A Duncan Solutions,Management of Active Melbourne recreation facilities, ,2029.0,16706.92,ContractMismatch
Reino International Pty Ltd T/A Duncan Solutions,Melbourne Town Hall venue management, ,2025.0,98241.55,ContractMismatch
Reino International Pty Ltd T/A Duncan Solutions,Melbourne Town Hall venue management, ,2026.0,22438.2,ContractMismatch
Reino International Pty Ltd T/A Duncan Solutions,Melbourne Town Hall venue management, ,2029.0,262238.93,ContractMismatch
Reino International Pty Ltd T/A Duncan Solutions,Open spaces management - region 1, ,2025.0,18918.16,ContractMismatch
Reino International Pty Ltd T/A Duncan Solutions,Open spaces management - region 1, ,2026.0,157589.11,ContractMismatch
Reino International Pty Ltd T/A Duncan Solutions,Open spaces management - region 1, ,2027.0,37213.59,ContractMismatch
Reino International Pty Ltd T/A Duncan Solutions,Open spaces management - region 1, ,2028.0,300000.0,ContractMismatch
Reino International Pty Ltd T/A Duncan Solutions,Open spaces management - region 1, ,2029.0,195319.19,ContractMismatch
Reino International Pty Ltd T/A Duncan Solutions,Open spaces management - region 2, ,2026.0,11413.08,ContractMismatch
Reino International Pty Ltd T/A Duncan Solutions,Open spaces management - region 2, ,2027.0,114258.45,ContractMismatch
Reino International Pty Ltd T/A Duncan Solutions,Parking technology services, ,2025.0,31439155.72,ContractMismatch
Reino International Pty Ltd T/A Duncan Solutions,Parking technology services, ,2026.0,22866572.03,ContractMismatch
Reino International Pty Ltd T/A Duncan Solutions,Parking technology services, ,2027.0,26812414.99,ContractMismatch
Reino International Pty Ltd T/A Duncan Solutions,Parking technology services, ,2028.0,29353555.13,ContractMismatch
Reino International Pty Ltd T/A Duncan Solutions,Parking technology services, ,2029.0,31976225.87,ContractMismatch
Reino International Pty Ltd T/A Duncan Solutions,Parking technology services, ,2030.0,114082.05,ContractMismatch
Reino International Pty Ltd T/A Duncan Solutions,Parking technology services,3623,2025.0,556562246.42,OverUpper
Reino International Pty Ltd T/A Duncan Solutions,Parking technology services,3623,2026.0,558839021.38,OverUpper
Reino International Pty Ltd T/A Duncan Solutions,Parking technology services,3623,2027.0,546502754.61,OverUpper
Reino International Pty Ltd T/A Duncan Solutions,Parking technology services,3623,2028.0,559599032.16,OverUpper
Reino International Pty Ltd T/A Duncan Solutions,Parking technology services,3623,2029.0,572134390.72,OverUpper
Reino International Pty Ltd T/A Duncan Solutions,Parking technology services,3623,2030.0,900735.05,UnderLower
Reino International Pty Ltd T/A Duncan Solutions,Street cleaning, ,2025.0,200000.0,ContractMismatch
Reino International Pty Ltd T/A Duncan Solutions,Street cleaning, ,2028.0,346970.26,ContractMismatch
Reino International Pty Ltd T/A Duncan Solutions,Tree management maintenance services, ,2026.0,94097.1,ContractMismatch
Reino International Pty Ltd T/A Duncan Solutions,Vehicle tow away and impound services, ,2026.0,100000.0,ContractMismatch
Reino International Pty Ltd T/A Duncan Solutions,Vehicle tow away and impound services, ,2028.0,214700.98,ContractMismatch
Reino International Pty Ltd T/A Duncan Solutions,Vehicle tow away and impound services, ,2029.0,305280.48,ContractMismatch
Reino International Pty Ltd T/A Duncan Solutions,Waste management services, ,2027.0,263324.24,ContractMismatch
Reino International Pty Ltd T/A Duncan Solutions,Waste management services, ,2028.0,200000.0,ContractMismatch
SERCO,Building cleaning services, ,2025.0,246124.86,ContractMismatch
SERCO,Building cleaning services, ,2026.0,24480.29,ContractMismatch
SERCO,Building cleaning services, ,2028.0,161371.06,ContractMismatch
SERCO,Building cleaning services, ,2029.0,2906.25,ContractMismatch
SERCO,Building maintenance services, ,2025.0,165229.68,ContractMismatch
SERCO,Building maintenance services, ,2026.0,200000.0,ContractMismatch
SERCO,Building maintenance services, ,2028.0,125334.36,ContractMismatch
SERCO,Civil infrastructure services, ,2025.0,218707.23,ContractMismatch
SERCO,Civil infrastructure services, ,2026.0,200000.0,ContractMismatch
SERCO,Civil infrastructure services, ,2027.0,200000.0,ContractMismatch
SERCO,Civil infrastructure services, ,2028.0,0.0,ContractMismatch
SERCO,Graffiti management and pressure cleaning services, ,2025.0,346112.48,ContractMismatch
SERCO,Graffiti management and pressure cleaning services, ,2026.0,0.0,ContractMismatch
SERCO,Graffiti management and pressure cleaning services, ,2027.0,208611.42,ContractMismatch
SERCO,Graffiti management and pressure cleaning services, ,2029.0,368807.76,ContractMismatch
SERCO,Integrated security services, ,2027.0,183076.07,ContractMismatch
SERCO,Integrated security services, ,2028.0,426800.77,ContractMismatch
SERCO,Integrated security services, ,2029.0,334305.66,ContractMismatch
SERCO,Management of Active Melbourne recreation facilities, ,2028.0,200000.0,ContractMismatch
SERCO,Melbourne Town Hall venue management, ,2025.0,72993.62,ContractMismatch
SERCO,Melbourne Town Hall venue management, ,2026.0,200000.0,ContractMismatch
SERCO,Melbourne Town Hall venue management, ,2027.0,100000.0,ContractMismatch
SERCO,Melbourne Town Hall venue management, ,2029.0,351832.55,ContractMismatch
SERCO,Open spaces management - region 1, ,2025.0,67569.71,ContractMismatch
SERCO,Open spaces management - region 1, ,2026.0,86288.78,ContractMismatch
SERCO,Open spaces management - region 1, ,2027.0,56141.52,ContractMismatch
SERCO,Open spaces management - region 1, ,2028.0,190386.04,ContractMismatch
SERCO,Open spaces management - region 1, ,2029.0,119967.33,ContractMismatch
SERCO,Open spaces management - region 2, ,2025.0,28164144.55,ContractMismatch
SERCO,Open spaces management - region 2, ,2026.0,28431485.61,ContractMismatch
SERCO,Open spaces management - region 2, ,2027.0,27305696.6,ContractMismatch
SERCO,Open spaces management - region 2, ,2028.0,26237776.19,ContractMismatch
SERCO,Open spaces management - region 2, ,2029.0,29818598.74,ContractMismatch
SERCO,Open spaces management - region 2, ,2030.0,228719.0,ContractMismatch
SERCO,Open spaces management - region 2,3677,2025.0,549243365.49,OverUpper
SERCO,Open spaces management - region 2,3677,2026.0,559692672.49,OverUpper
SERCO,Open spaces management - region 2,3677,2027.0,555461043.92,OverUpper
SERCO,Open spaces management - region 2,3677,2028.0,560881178.52,OverUpper
SERCO,Open spaces management - region 2,3677,2029.0,546823140.31,OverUpper
SERCO,Open spaces management - region 2,3677,2030.0,1597008.67,UnderLower
SERCO,Parking technology services, ,2025.0,88541.54,ContractMismatch
SERCO,Parking technology services, ,2026.0,225158.52,ContractMismatch
SERCO,Parking technology services, ,2027.0,32989.32,ContractMismatch
SERCO,Parking technology services, ,2028.0,286678.13,ContractMismatch
SERCO,Tree management maintenance services, ,2025.0,210942.52,ContractMismatch
SERCO,Tree management maintenance services, ,2029.0,53847.11,ContractMismatch
SERCO,Vehicle tow away and impound services, ,2025.0,267909.21,ContractMismatch
SERCO,Vehicle tow away and impound services, ,2026.0,225283.62,ContractMismatch
SERCO,Vehicle tow away and impound services, ,2027.0,138010.77,ContractMismatch
SERCO,Vehicle tow away and impound services, ,2028.0,266150.0,ContractMismatch
SERCO,Waste management services, ,2025.0,104040.54,ContractMismatch
SERCO,Waste management services, ,2027.0,166976.16,ContractMismatch
SERCO,Waste management services, ,2028.0,63557.67,ContractMismatch
Showtime Event Group Pty Ltd,Building cleaning services, ,2025.0,15154.98,ContractMismatch
Showtime Event Group Pty Ltd,Building cleaning services, ,2028.0,279396.49,ContractMismatch
Showtime Event Group Pty Ltd,Building maintenance services, ,2025.0,70762.68,ContractMismatch
Showtime Event Group Pty Ltd,Building maintenance services, ,2026.0,127991.0,ContractMismatch
Showtime Event Group Pty Ltd,Building maintenance services, ,2028.0,222356.82,ContractMismatch
Showtime Event Group Pty Ltd,Civil infrastructure services, ,2025.0,124799.01,ContractMismatch
Showtime Event Group Pty Ltd,Civil infrastructure services, ,2026.0,253583.03,ContractMismatch
Showtime Event Group Pty Ltd,Civil infrastructure services, ,2027.0,108001.05,ContractMismatch
Showtime Event Group Pty Ltd,Civil infrastructure services, ,2028.0,119750.08,ContractMismatch
Showtime Event Group Pty Ltd,Graffiti management and pressure cleaning services, ,2025.0,167488.13,ContractMismatch
Showtime Event Group Pty Ltd,Graffiti management and pressure cleaning services, ,2026.0,100000.0,ContractMismatch
Showtime Event Group Pty Ltd,Graffiti management and pressure cleaning services, ,2027.0,200000.0,ContractMismatch
Showtime Event Group Pty Ltd,Graffiti management and pressure cleaning services, ,2028.0,160681.43,ContractMismatch
Showtime Event Group Pty Ltd,Integrated security services, ,2025.0,91399.95,ContractMismatch
Showtime Event Group Pty Ltd,Integrated security services, ,2026.0,247901.37,ContractMismatch
Showtime Event Group Pty Ltd,Integrated security services, ,2029.0,385524.12,ContractMismatch
Showtime Event Group Pty Ltd,Management of Active Melbourne recreation facilities, ,2025.0,321225.79,ContractMismatch
Showtime Event Group Pty Ltd,Management of Active Melbourne recreation facilities, ,2026.0,125587.01,ContractMismatch
Showtime Event Group Pty Ltd,Management of Active Melbourne recreation facilities, ,2027.0,358140.55,ContractMismatch
Showtime Event Group Pty Ltd,Management of Active Melbourne recreation facilities, ,2028.0,395222.56,ContractMismatch
Showtime Event Group Pty Ltd,Melbourne Town Hall venue management, ,2025.0,27416972.14,ContractMismatch
Showtime Event Group Pty Ltd,Melbourne Town Hall venue management, ,2026.0,31268715.75,ContractMismatch
Showtime Event Group Pty Ltd,Melbourne Town Hall venue management, ,2027.0,25821682.95,ContractMismatch
Showtime Event Group Pty Ltd,Melbourne Town Hall venue management, ,2028.0,26389601.7,ContractMismatch
Showtime Event Group Pty Ltd,Melbourne Town Hall venue management, ,2029.0,30860744.08,ContractMismatch
Showtime Event Group Pty Ltd,Melbourne Town Hall venue management,3670,2025.0,539750011.79,OverUpper
Showtime Event Group Pty Ltd,Melbourne Town Hall venue management,3670,2026.0,551529343.95,OverUpper
Showtime Event Group Pty Ltd,Melbourne Town Hall venue management,3670,2027.0,555042533.78,OverUpper
Showtime Event Group Pty Ltd,Melbourne Town Hall venue management,3670,2028.0,559460363.44,OverUpper
Showtime Event Group Pty Ltd,Melbourne Town Hall venue management,3670,2029.0,569007609.55,OverUpper
Showtime Event Group Pty Ltd,Melbourne Town Hall venue management,3670,2030.0,1528791.03,WithinBounds
Showtime Event Group Pty Ltd,Open spaces management - region 1, ,2026.0,393528.89,ContractMismatch
Showtime Event Group Pty Ltd,Open spaces management - region 1, ,2029.0,200501.11,ContractMismatch
Showtime Event Group Pty Ltd,Open spaces management - region 2, ,2026.0,185710.98,ContractMismatch
Showtime Event Group Pty Ltd,Open spaces management - region 2, ,2027.0,139633.71,ContractMismatch
Showtime Event Group Pty Ltd,Open spaces management - region 2, ,2029.0,103778.34,ContractMismatch
Showtime Event Group Pty Ltd,Parking technology services, ,2025.0,172508.44,ContractMismatch
Showtime Event Group Pty Ltd,Parking technology services, ,2026.0,132799.01,ContractMismatch
Showtime Event Group Pty Ltd,Parking technology services, ,2028.0,200000.0,ContractMismatch
Showtime Event Group Pty Ltd,Parking technology services, ,2029.0,200000.0,ContractMismatch
Showtime Event Group Pty Ltd,Street cleaning, ,2025.0,228216.57,ContractMismatch
Showtime Event Group Pty Ltd,Tree management maintenance services, ,2025.0,54334.18,ContractMismatch
Showtime Event Group Pty Ltd,Tree management maintenance services, ,2026.0,100000.0,ContractMismatch
Showtime Event Group Pty Ltd,Tree management maintenance services, ,2027.0,266819.94,ContractMismatch
Showtime Event Group Pty Ltd,Tree management maintenance services, ,2028.0,200000.0,ContractMismatch
Showtime Event Group Pty Ltd,Tree management maintenance services, ,2029.0,41372.04,ContractMismatch
Showtime Event Group Pty Ltd,Vehicle tow away and impound services, ,2025.0,191111.46,ContractMismatch
Showtime Event Group Pty Ltd,Vehicle tow away and impound services, ,2027.0,209426.88,ContractMismatch
Showtime Event Group Pty Ltd,Vehicle tow away and impound services, ,2028.0,100000.0,ContractMismatch
Showtime Event Group Pty Ltd,Vehicle tow away and impound services, ,2029.0,208800.71,ContractMismatch
Showtime Event Group Pty Ltd,Waste management services, ,2025.0,200000.0,ContractMismatch
Showtime Event Group Pty Ltd,Waste management services, ,2027.0,56515.77,ContractMismatch
Spotless Facility Services Pty Ltd,Building cleaning services, ,2025.0,233826.94,ContractMismatch
Spotless Facility Services Pty Ltd,Building cleaning services, ,2026.0,79049.08,ContractMismatch
Spotless Facility Services Pty Ltd,Building cleaning services, ,2027.0,242188.05,ContractMismatch
Spotless Facility Services Pty Ltd,Building cleaning services, ,2028.0,200000.0,ContractMismatch
Spotless Facility Services Pty Ltd,Building maintenance services, ,2026.0,312384.86,ContractMismatch
Spotless Facility Services Pty Ltd,Civil infrastructure services, ,2025.0,260438.54,ContractMismatch
Spotless Facility Services Pty Ltd,Civil infrastructure services, ,2026.0,47920.39,ContractMismatch
Spotless Facility Services Pty Ltd,Civil infrastructure services, ,2027.0,353292.73,ContractMismatch
Spotless Facility Services Pty Ltd,Civil infrastructure services, ,2028.0,46323.1,ContractMismatch
Spotless Facility Services Pty Ltd,Graffiti management and pressure cleaning services, ,2025.0,152019.13,ContractMismatch
Spotless Facility Services Pty Ltd,Graffiti management and pressure cleaning services, ,2026.0,200000.0,ContractMismatch
Spotless Facility Services Pty Ltd,Graffiti management and pressure cleaning services, ,2027.0,176969.25999999998,ContractMismatch
Spotless Facility Services Pty Ltd,Graffiti management and pressure cleaning services, ,2029.0,239305.03000000003,ContractMismatch
Spotless Facility Services Pty Ltd,Integrated security services, ,2025.0,74299.69,ContractMismatch
Spotless Facility Services Pty Ltd,Integrated security services, ,2027.0,153937.23,ContractMismatch
Spotless Facility Services Pty Ltd,Integrated security services, ,2028.0,246459.75,ContractMismatch
Spotless Facility Services Pty Ltd,Integrated security services, ,2029.0,254657.38,ContractMismatch
Spotless Facility Services Pty Ltd,Management of Active Melbourne recreation facilities, ,2025.0,57929.47,ContractMismatch
Spotless Facility Services Pty Ltd,Management of Active Melbourne recreation facilities, ,2028.0,228982.01,ContractMismatch
Spotless Facility Services Pty Ltd,Melbourne Town Hall venue management, ,2025.0,366722.6,ContractMismatch
Spotless Facility Services Pty Ltd,Melbourne Town Hall venue management, ,2027.0,53707.05,ContractMismatch
Spotless Facility Services Pty Ltd,Melbourne Town Hall venue management, ,2028.0,36886.42,ContractMismatch
Spotless Facility Services Pty Ltd,Melbourne Town Hall venue management, ,2029.0,256672.3,ContractMismatch
Spotless Facility Services Pty Ltd,Open spaces management - region 1, ,2025.0,46916.58,ContractMismatch
Spotless Facility Services Pty Ltd,Open spaces management - region 2, ,2025.0,231379.26,ContractMismatch
Spotless Facility Services Pty Ltd,Open spaces management - region 2, ,2028.0,207857.65,ContractMismatch
Spotless Facility Services Pty Ltd,Parking technology services, ,2025.0,214832.9,ContractMismatch
Spotless Facility Services Pty Ltd,Parking technology services, ,2026.0,249516.03,ContractMismatch
Spotless Facility Services Pty Ltd,Parking technology services, ,2028.0,342526.18,ContractMismatch
Spotless Facility Services Pty Ltd,Street cleaning, ,2025.0,28025951.39,ContractMismatch
Spotless Facility Services Pty Ltd,Street cleaning, ,2026.0,26834805.98,ContractMismatch
Spotless Facility Services Pty Ltd,Street cleaning, ,2027.0,23637512.81,ContractMismatch
Spotless Facility Services Pty Ltd,Street cleaning, ,2028.0,29376067.0,ContractMismatch
Spotless Facility Services Pty Ltd,Street cleaning, ,2029.0,25710642.95,ContractMismatch
Spotless Facility Services Pty Ltd,Street cleaning,3669,2025.0,551632569.22,WithinBounds
Spotless Facility Services Pty Ltd,Street cleaning,3669,2026.0,546576439.07,WithinBounds
Spotless Facility Services Pty Ltd,Street cleaning,3669,2027.0,557733870.21,WithinBounds
Spotless Facility Services Pty Ltd,Street cleaning,3669,2028.0,558927062.34,WithinBounds
Spotless Facility Services Pty Ltd,Street cleaning,3669,2029.0,559486564.26,WithinBounds
Spotless Facility Services Pty Ltd,Street cleaning,3669,2030.0,2254959.22,UnderLower
Spotless Facility Services Pty Ltd,Tree management maintenance services, ,2027.0,123308.24,ContractMismatch
Spotless Facility Services Pty Ltd,Tree management maintenance services, ,2028.0,241985.06,ContractMismatch
Spotless Facility Services Pty Ltd,Tree management maintenance services, ,2029.0,72581.55,ContractMismatch
Spotless Facility Services Pty Ltd,Vehicle tow away and impound services, ,2025.0,0.0,ContractMismatch
Spotless Facility Services Pty Ltd,Vehicle tow away and impound services, ,2027.0,233692.67,ContractMismatch
Spotless Facility Services Pty Ltd,Vehicle tow away and impound services, ,2029.0,89525.83,ContractMismatch
Spotless Facility Services Pty Ltd,Waste management services, ,2025.0,100000.0,ContractMismatch
Spotless Facility Services Pty Ltd,Waste management services, ,2026.0,100000.0,ContractMismatch
Spotless Facility Services Pty Ltd,Waste management services, ,2027.0,150371.06,ContractMismatch
Spotless Facility Services Pty Ltd,Waste management services, ,2028.0,423230.26,ContractMismatch
Victorian YMCA Community Programming Pty Ltd,Building cleaning services, ,2026.0,198984.59,ContractMismatch
Victorian YMCA Community Programming Pty Ltd,Building cleaning services, ,2027.0,118731.43,ContractMismatch
Victorian YMCA Community Programming Pty Ltd,Building cleaning services, ,2029.0,100000.0,ContractMismatch
Victorian YMCA Community Programming Pty Ltd,Building maintenance services, ,2026.0,145198.19,ContractMismatch
Victorian YMCA Community Programming Pty Ltd,Building maintenance services, ,2027.0,0.0,ContractMismatch
Victorian YMCA Community Programming Pty Ltd,Building maintenance services, ,2028.0,209298.82,ContractMismatch
Victorian YMCA Community Programming Pty Ltd,Civil infrastructure services, ,2025.0,253950.91,ContractMismatch
Victorian YMCA Community Programming Pty Ltd,Civil infrastructure services, ,2028.0,176661.86,ContractMismatch
Victorian YMCA Community Programming Pty Ltd,Civil infrastructure services, ,2029.0,190752.44,ContractMismatch
Victorian YMCA Community Programming Pty Ltd,Graffiti management and pressure cleaning services, ,2025.0,369589.12,ContractMismatch
Victorian YMCA Community Programming Pty Ltd,Graffiti management and pressure cleaning services, ,2027.0,35352.84,ContractMismatch
Victorian YMCA Community Programming Pty Ltd,Integrated security services, ,2025.0,490821.26,ContractMismatch
Victorian YMCA Community Programming Pty Ltd,Integrated security services, ,2026.0,310130.96,ContractMismatch
Victorian YMCA Community Programming Pty Ltd,Management of Active Melbourne recreation facilities, ,2025.0,27239849.09,ContractMismatch
Victorian YMCA Community Programming Pty Ltd,Management of Active Melbourne recreation facilities, ,2026.0,25707659.07,ContractMismatch
Victorian YMCA Community Programming Pty Ltd,Management of Active Melbourne recreation facilities, ,2027.0,24779000.99,ContractMismatch
Victorian YMCA Community Programming Pty Ltd,Management of Active Melbourne recreation facilities, ,2028.0,28715977.68,ContractMismatch
Victorian YMCA Community Programming Pty Ltd,Management of Active Melbourne recreation facilities, ,2029.0,29634533.4,ContractMismatch
Victorian YMCA Community Programming Pty Ltd,Management of Active Melbourne recreation facilities, ,2030.0,177522.0,ContractMismatch
Victorian YMCA Community Programming Pty Ltd,Management of Active Melbourne recreation facilities,3615,2025.0,556251030.94,OverUpper
Victorian YMCA Community Programming Pty Ltd,Management of Active Melbourne recreation facilities,3615,2026.0,559012305.62,OverUpper
Victorian YMCA Community Programming Pty Ltd,Management of Active Melbourne recreation facilities,3615,2027.0,553598673.08,OverUpper
Victorian YMCA Community Programming Pty Ltd,Management of Active Melbourne recreation facilities,3615,2028.0,551761037.16,OverUpper
Victorian YMCA Community Programming Pty Ltd,Management of Active Melbourne recreation facilities,3615,2029.0,546440136.71,OverUpper
Victorian YMCA Community Programming Pty Ltd,Management of Active Melbourne recreation facilities,3615,2030.0,1323158.38,UnderLower
Victorian YMCA Community Programming Pty Ltd,Melbourne Town Hall venue management, ,2029.0,73089.1,ContractMismatch
Victorian YMCA Community Programming Pty Ltd,Open spaces management - region 1, ,2026.0,247313.97,ContractMismatch
Victorian YMCA Community Programming Pty Ltd,Open spaces management - region 1, ,2027.0,480631.99,ContractMismatch
Victorian YMCA Community Programming Pty Ltd,Open spaces management - region 1, ,2029.0,5748.81,ContractMismatch
Victorian YMCA Community Programming Pty Ltd,Open spaces management - region 2, ,2026.0,67792.44,ContractMismatch
Victorian YMCA Community Programming Pty Ltd,Open spaces management - region 2, ,2027.0,174674.73,ContractMismatch
Victorian YMCA Community Programming Pty Ltd,Open spaces management - region 2, ,2028.0,240927.71,ContractMismatch
Victorian YMCA Community Programming Pty Ltd,Parking technology services, ,2025.0,212563.95,ContractMismatch
Victorian YMCA Community Programming Pty Ltd,Parking technology services, ,2026.0,143162.75,ContractMismatch
Victorian YMCA Community Programming Pty Ltd,Parking technology services, ,2027.0,211724.61,ContractMismatch
Victorian YMCA Community Programming Pty Ltd,Parking technology services, ,2028.0,200000.0,ContractMismatch
Victorian YMCA Community Programming Pty Ltd,Street cleaning, ,2025.0,401440.87,ContractMismatch
Victorian YMCA Community Programming Pty Ltd,Street cleaning, ,2026.0,3984.94,ContractMismatch
Victorian YMCA Community Programming Pty Ltd,Street cleaning, ,2027.0,100000.0,ContractMismatch
Victorian YMCA Community Programming Pty Ltd,Tree management maintenance services, ,2025.0,122441.98,ContractMismatch
Victorian YMCA Community Programming Pty Ltd,Tree management maintenance services, ,2026.0,272752.17,ContractMismatch
Victorian YMCA Community Programming Pty Ltd,Tree management maintenance services, ,2027.0,154055.93,ContractMismatch
Victorian YMCA Community Programming Pty Ltd,Tree management maintenance services, ,2028.0,224305.58,ContractMismatch
Victorian YMCA Community Programming Pty Ltd,Tree management maintenance services, ,2029.0,200000.0,ContractMismatch
Victorian YMCA Community Programming Pty Ltd,Vehicle tow away and impound services, ,2026.0,100000.0,ContractMismatch
Victorian YMCA Community Programming Pty Ltd,Vehicle tow away and impound services, ,2028.0,144817.04,ContractMismatch
Victorian YMCA Community Programming Pty Ltd,Vehicle tow away and impound services, ,2029.0,378978.39,ContractMismatch
Victorian YMCA Community Programming Pty Ltd,Waste management services, ,2027.0,90016.44,ContractMismatch
Victorian YMCA Community Programming Pty Ltd,Waste management services, ,2028.0,134494.18,ContractMismatch
Victorian YMCA Community Programming Pty Ltd,Waste management services, ,2029.0,98137.79,ContractMismatch
