Provider_Clean,ContractTitle_Clean,ContractNumber_Clean,Year,AnnualForecastSpend
Calcorp Services Pty Ltd,Graffiti management and pressure cleaning services,3668,2025,552288667.7944568
Calcorp Services Pty Ltd,Graffiti management and pressure cleaning services,3668,2026,543078287.5786471
Calcorp Services Pty Ltd,Graffiti management and pressure cleaning services,3668,2027,533878513.3837033
Calcorp Services Pty Ltd,Graffiti management and pressure cleaning services,3668,2028,531268673.5320113
Calcorp Services Pty Ltd,Graffiti management and pressure cleaning services,3668,2029,515007755.48781097
Calcorp Services Pty Ltd,Graffiti management and pressure cleaning services,3668,2030,505790365.7912694
Calcorp Services Pty Ltd,Graffiti management and pressure cleaning services,3668,2031,36429635.298807025
Citywide Service Solutions Pty Ltd,Civil infrastructure services,3665,2025,554378051.6769503
Citywide Service Solutions Pty Ltd,Civil infrastructure services,3665,2026,541009729.7906238
Citywide Service Solutions Pty Ltd,Civil infrastructure services,3665,2027,527647712.06177735
Citywide Service Solutions Pty Ltd,Civil infrastructure services,3665,2028,515969051.2036834
Citywide Service Solutions Pty Ltd,Civil infrastructure services,3665,2029,500748525.3026694
Citywide Service Solutions Pty Ltd,Civil infrastructure services,3665,2030,487378818.2813395
Citywide Service Solutions Pty Ltd,Civil infrastructure services,3665,2031,33074395.64469198
Citywide Service Solutions Pty Ltd,Open spaces management - region 1,3676,2025,550447425.8631976
Citywide Service Solutions Pty Ltd,Open spaces management - region 1,3676,2026,543279721.4948193
Citywide Service Solutions Pty Ltd,Open spaces management - region 1,3676,2027,536112265.25805897
Citywide Service Solutions Pty Ltd,Open spaces management - region 1,3676,2028,529041339.0125952
Citywide Service Solutions Pty Ltd,Open spaces management - region 1,3676,2029,521097882.7163893
Citywide Service Solutions Pty Ltd,Open spaces management - region 1,3676,2030,513927555.61694485
Citywide Service Solutions Pty Ltd,Open spaces management - region 1,3676,2031,38218382.45892109
Citywide Service Solutions Pty Ltd,Tree management maintenance services,3678,2025,565594481.7273444
Citywide Service Solutions Pty Ltd,Tree management maintenance services,3678,2026,550201959.1096296
Citywide Service Solutions Pty Ltd,Tree management maintenance services,3678,2027,534816716.531705
Citywide Service Solutions Pty Ltd,Tree management maintenance services,3678,2028,523866970.7993297
Citywide Service Solutions Pty Ltd,Tree management maintenance services,3678,2029,503440711.6306945
Citywide Service Solutions Pty Ltd,Tree management maintenance services,3678,2030,488032261.737794
Citywide Service Solutions Pty Ltd,Tree management maintenance services,3678,2031,34853592.75339347
Cleanaway Waste Management Limited,Waste management services,3556,2025,563267981.5140415
Cleanaway Waste Management Limited,Waste management services,3556,2026,549852800.1672382
Cleanaway Waste Management Limited,Waste management services,3556,2027,536431663.0269598
Cleanaway Waste Management Limited,Waste management services,3556,2028,521803200.96367097
Cleanaway Waste Management Limited,Waste management services,3556,2029,508799764.4837756
Cleanaway Waste Management Limited,Waste management services,3556,2030,495365462.55096555
Cleanaway Waste Management Limited,Waste management services,3556,2031,34029893.88427861
Menzies International (Aust) Pty Ltd,Building cleaning services,3634,2025,552666968.1078596
Menzies International (Aust) Pty Ltd,Building cleaning services,3634,2026,541694440.0039326
Menzies International (Aust) Pty Ltd,Building cleaning services,3634,2027,530743981.8632854
Menzies International (Aust) Pty Ltd,Building cleaning services,3634,2028,528636176.4497177
Menzies International (Aust) Pty Ltd,Building cleaning services,3634,2029,508403956.0051547
Menzies International (Aust) Pty Ltd,Building cleaning services,3634,2030,497425220.1164263
Menzies International (Aust) Pty Ltd,Building cleaning services,3634,2031,37719473.103875205
National Protective Services Pty Ltd,Integrated security services,3686,2025,556740558.6176642
National Protective Services Pty Ltd,Integrated security services,3686,2026,546737998.9089522
National Protective Services Pty Ltd,Integrated security services,3686,2027,536741319.07170105
National Protective Services Pty Ltd,Integrated security services,3686,2028,529877973.1328815
National Protective Services Pty Ltd,Integrated security services,3686,2029,515356803.79709554
National Protective Services Pty Ltd,Integrated security services,3686,2030,505349797.0512674
National Protective Services Pty Ltd,Integrated security services,3686,2031,36681507.98638491
Nationwide Towing Services,Vehicle tow away and impound services,3585,2025,554959732.5891538
Nationwide Towing Services,Vehicle tow away and impound services,3585,2026,543340220.7408175
Nationwide Towing Services,Vehicle tow away and impound services,3585,2027,531728699.90976715
Nationwide Towing Services,Vehicle tow away and impound services,3585,2028,525848437.4675246
Nationwide Towing Services,Vehicle tow away and impound services,3585,2029,508482306.21387404
Nationwide Towing Services,Vehicle tow away and impound services,3585,2030,496861418.12634575
Nationwide Towing Services,Vehicle tow away and impound services,3585,2031,37592722.204957895
Programmed Facility Management Pty Ltd,Building maintenance services,3630,2025,558404291.6202468
Programmed Facility Management Pty Ltd,Building maintenance services,3630,2026,549768356.8788177
Programmed Facility Management Pty Ltd,Building maintenance services,3630,2027,541128677.7897848
Programmed Facility Management Pty Ltd,Building maintenance services,3630,2028,534658794.0047034
Programmed Facility Management Pty Ltd,Building maintenance services,3630,2029,523407183.58931416
Programmed Facility Management Pty Ltd,Building maintenance services,3630,2030,514759790.4658622
Programmed Facility Management Pty Ltd,Building maintenance services,3630,2031,38077115.6888391
Reino International Pty Ltd T/A Duncan Solutions,Parking technology services,3623,2025,557017081.2601246
Reino International Pty Ltd T/A Duncan Solutions,Parking technology services,3623,2026,548859743.0777423
Reino International Pty Ltd T/A Duncan Solutions,Parking technology services,3623,2027,540710545.9296365
Reino International Pty Ltd T/A Duncan Solutions,Parking technology services,3623,2028,537123777.2580905
Reino International Pty Ltd T/A Duncan Solutions,Parking technology services,3623,2029,524156919.1480558
Reino International Pty Ltd T/A Duncan Solutions,Parking technology services,3623,2030,515999421.89418685
Reino International Pty Ltd T/A Duncan Solutions,Parking technology services,3623,2031,35095329.72174033
SERCO,Open spaces management - region 2,3677,2025,559831084.1060714
SERCO,Open spaces management - region 2,3677,2026,548041305.0639485
SERCO,Open spaces management - region 2,3677,2027,536261275.780693
SERCO,Open spaces management - region 2,3677,2028,531487772.4694608
SERCO,Open spaces management - region 2,3677,2029,512796367.9244414
SERCO,Open spaces management - region 2,3677,2030,500989756.05297285
SERCO,Open spaces management - region 2,3677,2031,35925377.18950291
Showtime Event Group Pty Ltd,Melbourne Town Hall venue management,3670,2025,544951604.3389171
Showtime Event Group Pty Ltd,Melbourne Town Hall venue management,3670,2026,540703836.0410322
Showtime Event Group Pty Ltd,Melbourne Town Hall venue management,3670,2027,536461552.4745384
Showtime Event Group Pty Ltd,Melbourne Town Hall venue management,3670,2028,536599752.61025494
Showtime Event Group Pty Ltd,Melbourne Town Hall venue management,3670,2029,526937476.2965658
Showtime Event Group Pty Ltd,Melbourne Town Hall venue management,3670,2030,522687878.3913662
Showtime Event Group Pty Ltd,Melbourne Town Hall venue management,3670,2031,39142306.30896129
Spotless Facility Services Pty Ltd,Street cleaning,3669,2025,555021649.2866697
Spotless Facility Services Pty Ltd,Street cleaning,3669,2026,545899853.4027793
Spotless Facility Services Pty Ltd,Street cleaning,3669,2027,536792530.7830338
Spotless Facility Services Pty Ltd,Street cleaning,3669,2028,535820762.5964161
Spotless Facility Services Pty Ltd,Street cleaning,3669,2029,517986699.5647708
Spotless Facility Services Pty Ltd,Street cleaning,3669,2030,508848511.56267715
Spotless Facility Services Pty Ltd,Street cleaning,3669,2031,38480875.67741377
Victorian YMCA Community Programming Pty Ltd,Management of Active Melbourne recreation facilities,3615,2025,563012620.5588287
Victorian YMCA Community Programming Pty Ltd,Management of Active Melbourne recreation facilities,3615,2026,550068133.0616227
Victorian YMCA Community Programming Pty Ltd,Management of Active Melbourne recreation facilities,3615,2027,537122178.3900568
Victorian YMCA Community Programming Pty Ltd,Management of Active Melbourne recreation facilities,3615,2028,526187724.24358165
Victorian YMCA Community Programming Pty Ltd,Management of Active Melbourne recreation facilities,3615,2029,509628052.23739785
Victorian YMCA Community Programming Pty Ltd,Management of Active Melbourne recreation facilities,3615,2030,496680223.05033433
Victorian YMCA Community Programming Pty Ltd,Management of Active Melbourne recreation facilities,3615,2031,36831359.48925104
