InvoiceID,ContractTitle,Provider,InvoiceAmount,InvoiceDate,ContractNumber
INV43001,Melbourne Town Hall venue management,Showtime Event Group Pty Ltd (AUS),230738.78,07/07/2027,3670
INV43002,Civil infrastructure services,Citywide Service Solutions Pty Ltd (AUS),27786.5,27/10/31,3665
INV43003,Building cleaning services,Menzies Int’l (Aust) Pty Ltd,115509.39,27/03/13,3634
INV43004,Parking technology services,REINO INTERNATIONAL PTY LTD T/A DUNCAN SOLUTIONS,105210.43 AUD,01-Dec-2027,3623
INV43005,Open spaces management - region 2,SERCO (AUS),1147.69,2028-12-07,3677
INV43006,Graffiti management and pressure cleaning services,Calcorp,"$81,209.46",11/09/2029,3668
INV43007,Vehicle tow away and impound services,nationwide towing services,148246.41,06 October 2025,3585
INV43008,Graffiti management and pressure cleaning services,calcorp services pty ltd,"$78,266.17",30/07/2027,3668
INV43009,Building maintenance services,Programmed Facility Management Pty Ltd,21110.65 AUD,17-Dec-2029, 
INV43010,Vehicle tow away and impound services,Nationwide To,84994.22,26/05/21,3585
INV43011,Open spaces management - region 2,SERCO (AUS),"$89,664.74",22/04/2026, 
INV43012,Civil infrastructure services,CitywideServiceSolutionsPtyLtd,4653.47 AUD,27/12/21,3665
INV43013,Integrated security services,National Protective Services Pty Ltd,161500.97,27/11/09,3686
INV43014,Street cleaning,spotless facility services pty ltd,239384.61 AUD,22/06/2028,3669
INV43015,Open spaces management - region 2,SERCO,173365.76 AUD,2026-08-23,3677
INV43016,Vehicle tow away and impound services,Nationwide,0.1m,08 August 2027,3585
INV43017,Open spaces management - region 1,Citywide  Service  Solutions  Pty  Ltd,"$37,365.15",01 January 2030,3676
INV43018,Building cleaning services,Menzies International (Aust) Pty Lid,"$247,546.93",27/05/2028,3634
INV43019,Integrated security services,National Protegtive Services Pty Ltd,193890.96 AUD,2028-03-22,3686
INV43020,Tree management maintenance services,CITYWIDE SERVICE SOLUTIONS PTY LTD,172426.84,28/10/31,3678
INV43021,Melbourne Town Hall venue management,Showtime,"$52,631.11",16/02/2026,3670
INV43022,Open spaces management - region 1,Citywide Service Solutions Pty Ltd (AUS),10784.81,14/04/2029,3676
INV43023,Building maintenance services,Programmed Facility Management Pty Ltd (AU),23787.35 AUD,23/06/2025,3630
INV43024,Parking technology services,Reino International Pty. Ltd. T/A Duncan Solutions,196324.4,11/10/2027,3623
INV43025,Graffiti management and pressure cleaning services,Calcorp Services Pty Ltd,80417.78 AUD,2026-07-26,3668
INV43026,Open spaces management - region 1,citywide service solutions pty ltd,9887.42 AUD,26/03/2029,3676
INV43027,Open spaces management - region 2,Serco,87302.87 AUD,04/10/2025,3677
INV43028,Street cleaning,Spotless  Facility  Services  Pty  Ltd,162283.27,29/01/07,3669
INV43029,Melbourne Town Hall venue management,Showtime Event Group Pty Ltd (AUS),74454.33,12/10/2028,3670
INV43030,Integrated security services,National,132578.82 AUD,09/03/2025,3686
INV43031,Integrated security services,National Protective Services Pty. Ltd.,"$105,443.43",17/11/2029,3686
INV43032,Tree management maintenance services,Citywide  Service  Solutions  Pty  Ltd,"$55,397.86",26/06/22,3678
INV43033,Open spaces management - region 2,SERCO,147580.32,30-Sep-2028,3677
INV43034,Street cleaning,spotless facility services pty ltd,,13/10/2025,3669
INV43035,Parking technology services,REINO INTERNATIONAL PTY LTD T/A DUNCAN SOLUTIONS,224288.51 AUD,29 July 2028,3623
INV43036,Parking technology services,Reino International Pty Ltd T/A Dungan Solutions,132457.97 AUD,2025-11-15,3623
INV43037,Management of Active Melbourne recreation facilities,Victorian YMCA Community Programming Pty Ltd,155852.43,07/06/2026,3615
INV43038,Building maintenance services,Programmed  Facility  Management  Pty  Ltd,0.2m,12/12/2026,3630
INV43039,Waste management services,Cleanaway Waste Management Limited,7267.73 AUD,27-Oct-2027, 
INV43040,Integrated security services,national protective services pty ltd,159312.12 AUD,13-Jan-2029,3686
INV43041,Vehicle tow away and impound services,Nationwide Towing Services,38008.5 AUD,2028-05-19,3585
INV43042,Graffiti management and pressure cleaning services,Calcorp Services Pty Ltd (AU),95541.5,03/05/2028,3668
INV43043,Tree management maintenance services,citywide service solutions pty ltd,134271.49 AUD,06/11/2025,3678
INV43044,Open spaces management - region 2,SERCO (AU),71311.46 AUD,09/06/2029,3677
INV43045,Building cleaning services,menzies international (aust) pty ltd,"$163,972.31",26 August 2027,3634
INV43046,Open spaces management - region 1,citywide service solutions pty ltd,"$245,622.9",25-Apr-2028,3676
INV43047,Management of Active Melbourne recreation facilities,Victorian YMCA Community Programming Pty Ltd (AU),0.0m,18/04/2026,3615
INV43048,Open spaces management - region 1,Citywide Service Solutions Pty. Ltd.,0.2m,18-Aug-2025,3676
INV43049,Building cleaning services,Menzies International (Aust) P/L,5375.89 AUD,2027-05-10,3634
INV43050,Civil infrastructure services,Citywide Service Solutions Pty Ltd,228331.65 AUD,,3665
INV43051,Street cleaning,SPOTLESS FACILITY SERVICES PTY LTD,"$223,993.51",02 January 2026,3669
INV43052,Street cleaning,Spotless Facility Services Pty Ltd,0.0m,10/10/2026,3669
INV43053,Tree management maintenance services,Citywide Service Solutions Pty Ltd,213256.18 AUD,2027-06-28,3678
INV43054,Building maintenance services,Programmed Facility Mgmt Pty Ltd,"$52,833.7",13-Feb-2026,3630
INV43055,Parking technology services,Reino Intl Pty Ltd T/A Duncan Solutions,188509.82,19-Mar-2027,3623
INV43056,Open spaces management - region 1,Citywide Service Solutions Pty. Ltd.,0.0m,04 May 2025,3676
INV43057,Building maintenance services,PROGRAMMED FACILITY MANAGEMENT PTY LTD,10082.79,08-Oct-2029,3630
INV43058,Integrated security services,National Protective Services Pty. Ltd.,"$33,978.7",08-Aug-2027,3686
INV43059,Management of Active Melbourne recreation facilities,Victorian YMCA Communi,0.1m,04/07/2026,3615
INV43060,Integrated security services,National Protective Services Pty Ltd,44793.81 AUD,2026-11-10,3686
INV43061,Building cleaning services,Menzies Internatiknal (Aust) Pty Ltd,"$81,907.89",2025-01-17,3634
INV43062,Tree management maintenance services,Citywide Service Solutions P/L,80400.62 AUD,09/12/2028,3678
INV43063,Integrated security services,NationalProtectiveServicesPtyLtd,211680.78,2028-04-23,3686
INV43064,Open spaces management - region 2,SERCO,151855.77,28/09/25,3677
INV43065,Open spaces management - region 1,Citywide Service Solutions Pty Ltd (AU),0.1m,2026-08-26,3676
INV43066,Open spaces management - region 2,SERCO (AU),0.2m,26/10/09,3677
INV43067,Integrated security services,Natnonal Protective Services Pty Ltd,131779.24 AUD,29-Jun-2029,3686
INV43068,Tree management maintenance services,Citywide Service Solutions Pty Ltd (AUS),32007.9,10/02/2026,3678
INV43069,Tree management maintenance services,Citywide Service Solutions P/L,94004.59 AUD,07-Aug-2029,3678
INV43070,Integrated security services,NATIONAL PROTECTIVE SERVICES PTY LTD,188312.78,2029-07-22,3686
INV43071,Graffiti management and pressure cleaning services,CalcorpServicesPtyLtd,94150.92,23/05/2025,3668
INV43072,Open spaces management - region 1,National Protective Services pty Ltd,232880.74 AUD,03/05/2028,3686
INV43073,Civil infrastructure services,Citywide Servicb Solutions Pty Ltd,198154.93 AUD,02 November 2025,3665
INV43074,Tree management maintenance services,Citywide,155134.95,01/01/2028,3678
INV43075,Tree management maintenance services,Citywide  Service  Solutions  Pty  Ltd,206932.44,26/06/04,3678
INV43076,Waste management services,National Protectiv,242971.61 AUD,27/12/21,3686
INV43077,Melbourne Town Hall venue management,Showtime Event,75483.97,30/06/2027,3670
INV43078,Civil infrastructure services,Citywide Service Solutixns Pty Ltd,165474.42,28/01/04,3665
INV43079,Building maintenance services,Programmed Facilily Management Pty Ltd,0.2m,17 June 2028,3630
INV43080,Open spaces management - region 2,SERCO,0.2m,09/11/2025, 
INV43081,Open spaces management - region 1,Cleanaway Waste M,73793.19,25/09/13,3556
INV43082,Management of Active Melbourne recreation facilities,Victorian YMCA Community hrogramming Pty Ltd,122007.23,25/06/2028,3615
INV43083,Building maintenance services,Programmed Facility Management Pty Ltd,"$35,128.75",28-Apr-2029,3630
INV43084,Open spaces management - region 1,Citywide Service Solutions Pty Ltd (AUS),0.2m,02-Feb-2027,3676
INV43085,Vehicle tow away and impound services,Nationwide Towing Servxces,63952.81,03 September 2025,3585
INV43086,Open spaces management - region 1,Citywide,106450.41 AUD,28/07/11,3676
INV43087,Parking technology services,Reino International Pty Ltd T/A Duncan Solutions,203859.23,27/01/24,3623
INV43088,Tree management maintenance services,Citywide  Service  Solutions  Pty  Ltd,"$126,584.58",13/07/2026,3678
INV43089,Melbourne Town Hall venue management,Showtime Event Group Pty Ltd (AU),116948.25,28/07/2029,3670
INV43090,Civil infrastructure services,citywide service solutions pty ltd,153848.25,28/03/2029,3665
INV43091,Street cleaning,Spotless Facility Services Pty. Ltd.,221121.89,2029-01-16,3669
INV43092,Tree management maintenance services,CITYWIDE SERVICE SOLUTIONS PTY LTD,51294.68 AUD,03/07/2027,3678
INV43093,Open spaces management - region 1,Citywide Service Solutions Pty Ltd,39650.19 AUD,31/07/2025,3676
INV43094,Street cleaning,Spotless Facility Services Pty Ltd,0.2m,07/04/2026,3669
INV43095,Civil infrastructure services,Citywide Service Solutions Pty Ltd,186115.91 AUD,27/11/2026,3665
INV43096,Parking technology services,Reino,209022.61 AUD,28/01/2029,3623
INV43097,Building maintenance services,Programmed Facility Management Pty Ltd (AUS),202341.32,28/02/14,3630
INV43098,Melbourne Town Hall venue management,Showtime Event,"$226,160.88",2026-09-30,3670
INV43099,Civil infrastructure services,Citywide Service Solutions P/L,224401.46,2025-04-21,3665
INV43100,Parking technology services,Reino International Pty Ltd T/A Duncan Solutions,"$226,582.14",29/02/27, 
INV43101,Civil infrastructure services,Citywide  Service  Solutions  Pty  Ltd,10645.2,2025-03-28,3665
INV43102,Open spaces management - region 1,Citywide Service Solutions Pty Ltd (AUS),25623.83 AUD,07/07/2026,3676
INV43103,Tree management maintenance services,Citywide Service Solutions Pty Ltd,0.2m,11-Nov-2027,3678
INV43104,Integrated security services,National Protective Services Pty Ltd (AUS),100927.59 AUD,25/05/2025,3686
INV43105,Street cleaning,Spotless Facility Services Pty Ltd,110331.61,30/09/2028,3669
INV43106,Waste management services,Cleahaway Waste Management Limited,208324.6,17/06/2025,3556
INV43107,Building cleaning services,Menzies International (Aust) Pty Ltd (AUS),"$58,967.93",06 December 2026,3634
INV43108,Tree management maintenance services,Citywide Service Solutions Pty Ltd,127269.21,15/01/2025,3678
INV43109,Civil infrastructure services,Citywide Service ,"$80,051.8",30 April 2025,3665
INV43110,Waste management services,Cleanaway Waste Management Limited,121132.19 AUD,01/08/2026,3556
INV43111,Building maintenance services,PROGRAMMED FACILITY MANAGEMENT PTY LTD,"$143,101.34",26/10/29,3630
INV43112,Integrated security services,National Protective Services Pty Ltd (AU),60227.23,01/11/2027,3686
INV43113,Building maintenance services,ProgrammedFacilityManagementPtyLtd,0.2m,03-Apr-2029,3630
INV43114,Building maintenance services,Programmed Facility Mgmt Pty Ltd,219520.49 AUD,29/10/01,3630
INV43115,Civil infrastructure services,Citywide,0.1m,2026-10-25,3665
INV43116,Building maintenance services,Programmed Facility Management Pty Ltd,173913.97,05/09/2027,3630
INV43117,Tree management maintenance services,Citywide Service Solutions Pty Ltd (AU),159718.88,09/06/2029,3678
INV43118,Open spaces management - region 2,SERCO,55586.33,20/05/2028,3677
INV43119,Waste management services,Cleanaway Waste M,92252.28,21/04/2028,3556
INV43120,Parking technology services,Reino International Pty Ltd T/A Duncan Solutions (AU),127381.54 AUD,28/10/12,3623
INV43121,Street cleaning,Spotless Facility Services Pty. Ltd.,28663.37,29/06/06,3669
INV43122,Street cleaning,Spotless Facility Services Pty. Ltd.,"$20,597.46",26 June 2026,3669
INV43123,Civil infrastructure services,Citywide Service Solutions P/L,43546.23,12 April 2028,3665
INV43124,Graffiti management and pressure cleaning services,Calcorp Services Pty. Ltd.,"$106,314.29",2029-12-13,3668
INV43125,Civil infrastructure services,Citywide Service Solutions P/L,106079.51 AUD,29/03/01,3665
INV43126,Street cleaning,Spotless Facility Serhices Pty Ltd,106492.9,15/10/2028,3669
INV43127,Melbourne Town Hall venue management,Showtime,"$42,333.42",2027-03-11,3670
INV43128,Graffiti management and pressure cleaning services,Calcorp Serv,205505.99,25/02/01,3668
INV43129,Tree management maintenance services,CITYWIDE SERVICE SOLUTIONS PTY LTD,148336.02,23/05/2027,3678
INV43130,Building maintenance services,Programmed Facility Management Pty Ltd,12259.57,15/05/2026,3630
INV43131,Parking technology services,REINO INTERNATIONAL PTY LTD T/A DUNCAN SOLUTIONS,198077.87,17/11/2026,3623
INV43132,Open spaces management - region 1,citywide service solutions pty ltd,127870.91 AUD,29/04/28,3676
INV43133,Street cleaning,Spotless Facnlity Services Pty Ltd,138230.54,08/04/2026,3669
INV43134,Integrated security services,NATIONAL PROTECTIVE SERVICES PTY LTD,74594.81 AUD,16/12/2029,3686
INV43135,Management of Active Melbourne recreation facilities,Victorian YMCA Communi,210923.77,29/01/13,3615
INV43136,Parking technology services,Reino International Pty. Ltd. T/A Duncan Solutions,191951.61,14 August 2029,3623
INV43137,Graffiti management and pressure cleaning services,Spotless Facility Services Pty Ltd,9017.73,25/07/24,3669
INV43138,Melbourne Town Hall venue management,showtime event group pty ltd,"$19,116.8",15 March 2026,3670
INV43139,Street cleaning,Spotless,"$107,575.45",29/03/2026,3669
INV43140,Building cleaning services,Menzies International (Aust) Pty. Ltd.,92976.76 AUD,05-Feb-2025,3634
INV43141,Vehicle tow away and impound services,Nationwide  Towing  Services,121939.12 AUD,29/01/12,3585
INV43142,Integrated security services,Spotless Facility,0.2m,31/01/2026,3669
INV43143,Building maintenance services,PROGRAMMED FACILITY MANAGEMENT PTY LTD,198636.88,01/10/2029,3630
INV43144,Parking technology services,REINO INTERNATIONAL PTY LTD T/A DUNCAN SOLUTIONS,195131.63,28/06/29,3623
INV43145,Open spaces management - region 2,Serco,147916.82,14/07/2027,3677
INV43146,Graffiti management and pressure cleaning services,Calcorp  Services  Pty  Ltd,10205.78 AUD,06-May-2027,3668
INV43147,Tree management maintenance services,Citywide,157415.88 AUD,24 March 2025,3678
INV43148,Building maintenance services,Programmed Facility Management Pty. Ltd.,154252.08,22/12/2026,3630
INV43149,Building cleaning services,menzies international (aust) pty ltd,113756.83 AUD,08 December 2026,3634
INV43150,Management of Active Melbourne recreation facilities,Victorian YMCA Communi,0.1m,18-Dec-2025,3615
INV43151,Management of Active Melbourne recreation facilities,VICTORIAN YMCA COMMUNITY PROGRAMMING PTY LTD,206073.86,2028-12-02,3615
INV43152,Melbourne Town Hall venue management,Shawtime Event Group Pty Ltd,200960.27 AUD,03/07/2027,3670
INV43153,Building maintenance services,Programmed,234722.51,20/08/2025,3630
INV43154,Open spaces management - region 1,Citywide Service Solutions Pty Ltd,"$216,772.53",28/10/2027,3676
INV43155,Management of Active Melbourne recreation facilities,Nationwide Towing Services,57484.52,26/01/27,3585
INV43156,Melbourne Town Hall venue management,Showtime Event,18745.39 AUD,2029-06-10,3670
INV43157,Tree management maintenance services,Citywide Service Solutions Pty. Ltd.,190930.23 AUD,29/03/25,3678
INV43158,Open spaces management - region 2,SERCO,"$34,085.35",,3677
INV43159,Open spaces management - region 1,Citywide Service ,64245.68,18/12/2026,3676
INV43160,Vehicle tow away and impound services,Nationwide Towing Services,57311.75 AUD,04/06/2026,3585
INV43161,Open spaces management - region 1,Cibywide Service Solutions Pty Ltd,194718.25,12 August 2025,3676
INV43162,Open spaces management - region 2,serco,3629.7,27/01/2028,3677
INV43163,Graffiti management and pressure cleaning services,CalcorpServicesPtyLtd,39130.69,13-Sep-2028,3668
INV43164,Integrated security services,National Protective Services Pty Ltd,239038.51,29/06/09, 
INV43165,Management of Active Melbourne recreation facilities,Victorian YMCA Commrnity Programming Pty Ltd,"$71,170.13",20/03/2029,3615
INV43166,Graffiti management and pressure cleaning services,SERCO,80896.32 AUD,2026-04-12,3677
INV43167,Management of Active Melbourne recreation facilities,Victorian Ymca Community Programming Pty Ltd,150858.0,27/05/2025,3615
INV43168,Open spaces management - region 1,Citywide Service Solutions Pty Ltd,106574.53,25/03/2027,3676
INV43169,Open spaces management - region 1,Citywide Service Solutions Pty Ltd,132888.94 AUD,12/05/2029,3676
INV43170,Vehicle tow away and impound services,Nationwide Towing Services,72163.33,21-Jul-2028,3585
INV43171,Vehicle tow away and impound services,Nationwide Towing Services,"$117,853.1",04 March 2028,3585
INV43172,Tree management maintenance services,Citywide Service Solutions Pty Ltd (AU),"$176,250.75",2025-08-02,3678
INV43173,Civil infrastructure services,Citywide Service Solugions Pty Ltd,"$231,678.8",17 September 2026,3665
INV43174,Integrated security services,National,192174.45 AUD,08/04/2028,3686
INV43175,Open spaces management - region 2,SERCO (AU),"$140,603.53",24/03/2029,3677
INV43176,Civil infrastructure services,Citywide Servile Solutions Pty Ltd,3003.39,24/01/2026,3665
INV43177,Management of Active Melbourne recreation facilities,Vicborian YMCA Community Programming Pty Ltd,0.2m,06 March 2029,3615
INV43178,Open spaces management - region 1,Citywide,161292.2 AUD,30/11/2028,3676
INV43179,Tree management maintenance services,Citywide Service Solutions PtysLtd,"$246,728.83",14 November 2025,3678
INV43180,Open spaces management - region 2,SERCO,174524.02,2025-03-01,3677
INV43181,Tree management maintenance services,Citywide Service Solutions Pty. Ltd.,"$235,446.01",28/05/16,3678
INV43182,Open spaces management - region 1,Citywide Service Solutions Pty. Ltd.,69251.58,2028-06-15,3676
INV43183,Management of Active Melbourne recreation facilities,Victorian Ymca Community Programming Pty Ltd,54637.6,14 November 2026,3615
INV43184,Vehicle tow away and impound services,Nationwide Towing Services,216235.87 AUD,29/09/20,3585
INV43185,Building maintenance services,Programmed Facility Management Pty Ltd (AUS),218512.47 AUD,29-Mar-2025,3630
INV43186,Tree management maintenance services,Citywide Service Solutions Pty Ltd,95189.13 AUD,24/02/2027,3678
INV43187,Building maintenance services,Programmed  Facility  Management  Pty  Ltd,231392.93 AUD,19-Apr-2026,3630
INV43188,Building cleaning services,Menzies Int’l (Aust) Pty Ltd,102094.34 AUD,13-Jul-2026,3634
INV43189,Civil infrastructure services,Citywide  Service  Solutions  Pty  Ltd,135873.69 AUD,2027-05-09,3665
INV43190,Open spaces management - region 2,yERCO,224644.73 AUD,12/04/2025,3677
INV43191,Tree management maintenance services,Citywide Service Solutions Pty Ltd (AUS),232687.05,23/02/2027,3678
INV43192,Civil infrastructure services,Citywide Service ,248829.12 AUD,18 August 2028,3665
INV43193,Integrated security services,National  Protective  Services  Pty  Ltd,22811.25,28/08/16,3686
INV43194,Building cleaning services,Menzies Intl (Aust) Pty Ltd,53926.36 AUD,2029-01-17,3634
INV43195,Management of Active Melbourne recreation facilities,VICTORIAN YMCA COMMUNITY PROGRAMMING PTY LTD,418.39 AUD,2029-12-13,3615
INV43196,Tree management maintenance services,CITYWIDE SERVICE SOLUTIONS PTY LTD,0.2m,05-Jan-2025,3678
INV43197,Melbourne Town Hall venue management,Cleanaway Waste Management Limited,0.0m,02/07/2027,3556
INV43198,Parking technology services,REINO INTERNATIONAL PTY LTD T/A DUNCAN SOLUTIONS,"$88,464.13",25/08/01,3623
INV43199,Waste management services,Cleanaway Waste Management Ltd,0.2m,18/02/2026,3556
INV43200,Open spaces management - region 1,CITYWIDE SERVICE SOLUTIONS PTY LTD,64184.78 AUD,26/12/2029,3676
INV43201,Graffiti management and pressure cleaning services,Calcorp Services Pty Ltd,46692.74,26/08/16,3668
INV43202,Street cleaning,spotless facility services pty ltd,"$31,170.47",25/11/27,3669
INV43203,Vehicle tow away and impound services,nationwide towing services,0.2m,21 August 2027,3585
INV43204,Street cleaning,Spotless Facility Services Pty Ltd,247060.48 AUD,28/05/08,3669
INV43205,Open spaces management - region 2,Serco,,16 July 2026, 
INV43206,Vehicle tow away and impound services,Nationwide Towing Services (AU),248296.32,25/09/20,3585
INV43207,Melbourne Town Hall venue management,ShowtimeEventGroupPtyLtd,110183.41 AUD,13/09/2027,3670
INV43208,Integrated security services,National Protective Services Pty Ltd,"$159,931.76",29/04/02,3686
INV43209,Graffiti management and pressure cleaning services,Calcorp Serv,32094.74,20/02/2026,3668
INV43210,Open spaces management - region 1,Citywide Service ,196362.62 AUD,27/01/24,3676
INV43211,Parking technology services,Reino Intl Pty Ltd T/A Duncan Solutions,202278.99 AUD,28-Nov-2025,3623
INV43212,Building cleaning services,Menzies International (Aust) Pty Ltd,0.1m,2029-10-20,3634
INV43213,Integrated security services,National  Protective  Services  Pty  Ltd,41499.75,30 March 2029,3686
INV43214,Open spaces management - region 1,CitywideServiceSolutionsPtyLtd,"$185,182.33",01-May-2027,3676
INV43215,Open spaces management - region 1,Citywide Service Solutions Pty Ltd,247270.81 AUD,02-Feb-2029,3678
INV43216,Building maintenance services,programmed facility management pty ltd,0.1m,27/05/2025,3630
INV43217,Waste management services,Cleanaway Waste Management Ltd,"$136,822.75",04/02/2025,3556
INV43218,Management of Active Melbourne recreation facilities,VICTORIAN YMCA COMMUNITY PROGRAMMING PTY LTD,15047.12,20-Nov-2026,3615
INV43219,Building maintenance services,Programmed,0.1m,02/05/2028,3630
INV43220,Tree management maintenance services,Citywide Service Solutions Pty. Ltd.,1695.64,19-May-2026,3678
INV43221,Civil infrastructure services,SpotlessFacilityServicesPtyLtd,70459.51,02/09/2028,3669
INV43222,Management of Active Melbourne recreation facilities,VictorianYMCACommunityProgrammingPtyLtd,132858.92,17-Oct-2026,3615
INV43223,Management of Active Melbourne recreation facilities,victorian ymca community programming pty ltd,0.1m,29/09/15,3615
INV43224,Melbourne Town Hall venue management,Showtime Event Group Pty Ltd (AU),0.0m,13/11/2026,3670
INV43225,Graffiti management and pressure cleaning services,Calcorp Services Pty Ltd,185909.69,15 November 2026,3668
INV43226,Vehicle tow away and impound services,Citywide Service Solutions Pty Ltd,"$98,321.53",20/07/2028,3678
INV43227,Melbourne Town Hall venue management,Showtime Event Grohp Pty Ltd,0.1m,29-Jun-2028, 
INV43228,Open spaces management - region 1,Citywide Service ,217850.31,14/03/2025,3676
INV43229,Melbourne Town Hall venue management,Showtime Event Group Pty Ltd,85683.77,07/12/2026,3670
INV43230,Tree management maintenance services,Citywide Service Solutions Pty Ltd,153720.1 AUD,23/12/2028,3678
INV43231,Building maintenance services,Programmed Facility Management Pty Ltd (AU),87351.51,19-Jun-2028,3630
INV43232,Waste management services,Cleanaway  Waste  Management  Limited,"$125,679.01",2026-07-09,3556
INV43233,Building cleaning services,Menzies Internatio,"$150,564.44",07/10/2026,3634
INV43234,Civil infrastructure services,Citywide Service Solutions Pty Ltd,"$44,197.64",2028-05-25,3665
INV43235,Melbourne Town Hall venue management,ShowtimeEventGroupPtyLtd,138291.46,02/12/2028,3670
INV43236,Open spaces management - region 2,Serco,97455.49,21 February 2027,3677
INV43237,Civil infrastructure services,CitywideServiceSolutionsPtyLtd,213043.61,07 July 2025,3665
INV43238,Parking technology services,Reino Int’l Pty Ltd T/A Duncan Solutions,239871.17 AUD,2026-04-01, 
INV43239,Integrated security services,national protective services pty ltd,173571.24 AUD,21 November 2029,3686
INV43240,Management of Active Melbourne recreation facilities,Victorian YMCA Community Programming Pty Ltd,10018.38,29/05/13,3615
INV43241,Street cleaning,Spotless Facility Services Pty Ltd (AUS),172352.17 AUD,24/08/2026,3669
INV43242,Street cleaning,Spotless Facility,153604.2,23/10/2026,3669
INV43243,Parking technology services,Reino International Pty Ltd T/A Duncan Solutions (AU),"$96,528.61",22 January 2027,3623
INV43244,Civil infrastructure services,CITYWIDE SERVICE SOLUTIONS PTY LTD,6848.98,2028-10-16,3665
INV43245,Street cleaning,Spotless Facility Services Pty Ltd,"$25,867.16",28-Jul-2027,3669
INV43246,Civil infrastructure services,Citywide Service Solutions P/L,229143.3,22 March 2027,3665
INV43247,Civil infrastructure services,Citywide Service Solutions Pty Ltd,0.1m,29/02/20,3665
INV43248,Street cleaning,Spotless Facility Services Pty. Ltd.,"$135,019.59",26/12/29,3669
INV43249,Building maintenance services,Programmed Facility Management P/L,0.0m,27/09/07,3630
INV43250,Waste management services,CleanawayWasteManagementLimited,0.1m,18 February 2028,3556
INV43251,Open spaces management - region 1,Citywide Service solutions Pty Ltd,0.0m,28/04/27,3676
INV43252,Management of Active Melbourne recreation facilities,victorian ymca community programming pty ltd,"$225,967.52",06/07/2028,3615
INV43253,Waste management services,Cleanaway Waste Management Ltd,202209.0 AUD,16-Dec-2028,3556
INV43254,Parking technology services,Reino Int’l Pty Ltd T/A Duncan Solutions,0.0m,2027-01-24,3623
INV43255,Integrated security services,National,78810.53,11-Nov-2025,3686
INV43256,Open spaces management - region 1,Citywide Service Solutions Pty. Ltd.,"$122,275.53",18/02/2026,3676
INV43257,Waste management services,Cleanaway Waste Mgmt Limited,139137.13,22/09/2029,3556
INV43258,Waste management services,CleanawayWasteManagementLimited,"$176,045.33",05/08/2029,3556
INV43259,Tree management maintenance services,CITYWIDE SERVICE SOLUTIONS PTY LTD,0.2m,2028-07-22,3678
INV43260,Waste management services,Cleanaway Waste Management Limited,20371.25,29/06/24,3556
INV43261,Integrated security services,NationwideTowingServices,118714.39,10 October 2027,3585
INV43262,Open spaces management - region 1,Citywide ServicedSolutions Pty Ltd,0.0m,2026-12-28, 
INV43263,Melbourne Town Hall venue management,Showtime Event Group Pty Ltd (AUS),0.1m,22 February 2025, 
INV43264,Integrated security services,National Protective Services Pty Ltd (AU),101406.27 AUD,09-May-2027, 
INV43265,Building maintenance services,Programmed Facility Management Pty Ltd,"$172,733.35",2027-07-24,3630
INV43266,Vehicle tow away and impound services,Nationwide To,"$128,017.3",30/10/2026,3585
INV43267,Integrated security services,citywide service solutions pty ltd,203958.48,01/07/2025,3678
INV43268,Management of Active Melbourne recreation facilities,Victorian YMCA Community Programming Pty Ltd (AUS),"$249,260.18",06/06/2029,3615
INV43269,Open spaces management - region 1,Citywide Service ,0.2m,29/04/12,3676
INV43270,Tree management maintenance services,Citywide Service Solutions P/L,184307.66,01 January 2028,3678
INV43271,Melbourne Town Hall venue management,SHOWTIME EVENT GROUP PTY LTD,189272.71,2028-02-05,3670
INV43272,Open spaces management - region 2,SERCO,"$177,347.7",2027-03-22,3677
INV43273,Integrated security services,National Protective Services Pty Ltd,37401.52,04/02/2028,3686
INV43274,Melbourne Town Hall venue management,Sjowtime Event Group Pty Ltd,209244.95,03/02/2028,3670
INV43275,Vehicle tow away and impound services,NationwideTowingServices,0.2m,08/03/2026,3585
INV43276,Melbourne Town Hall venue management,Showtime Event Group P/L,73143.67,07 August 2029,3670
INV43277,Vehicle tow away and impound services,NationwideTowingServices,"$49,224.17",27/10/02, 
INV43278,Integrated security services,National Protective Services Pty Ltd (AU),140971.52,28 April 2028,3686
INV43279,Vehicle tow away and impound services,NATIONWIDE TOWING SERVICES,200456.05,2026-10-30,3585
INV43280,Vehicle tow away and impound services,Nationwide To,184637.4,27/11/20,3585
INV43281,Integrated security services,National Protective Services Pty Ltd (AU),"$94,276.24",28/05/2025,3686
INV43282,Integrated security services,National  Protective  Services  Pty  Ltd,"$141,969.95",28/05/04,3686
INV43283,Melbourne Town Hall venue management,Showtime,5491.59,20 October 2027,3670
INV43284,Management of Active Melbourne recreation facilities,Victorian  YMCA  Community  Programming  Pty  Ltd,133026.02,28-Aug-2025,3615
INV43285,Street cleaning,Spotless Facility Services Pty Ltd,"$113,096.79",10-May-2027,3669
INV43286,Vehicle tow away and impound services,nationwide towing services,162043.27,21/09/2028,3585
INV43287,Management of Active Melbourne recreation facilities,victorian ymca community programming pty ltd,58274.65 AUD,12 February 2029,3615
INV43288,Building maintenance services,Programmed Facility Management Pty Ltd,0.2m,2029-05-07,3630
INV43289,Building cleaning services,Menzies Internatio,239601.51,2026-04-02,3634
INV43290,Integrated security services,National  Protective  Services  Pty  Ltd,41355.53,30 March 2025,3686
INV43291,Parking technology services,Citywide  Service  Solutions  Pty  Ltd,"$231,985.56",27-Feb-2028,3665
INV43292,Graffiti management and pressure cleaning services,Calcorp Services Pty Ltd (AUS),241431.63 AUD,2028-07-16,3668
INV43293,Melbourne Town Hall venue management,Showtime Event Group Pty Ltd (AUS),0.1m,26/10/2028,3670
INV43294,Building cleaning services,Menzies Int’l (Aust) Pty Ltd,"$175,494.46",21/06/2025,3634
INV43295,Vehicle tow away and impound services,Nationwide To,"$146,193.61",23 September 2028,3585
INV43296,Civil infrastructure services,CITYWIDE SERVICE SOLUTIONS PTY LTD,195164.85,26/09/26,3665
INV43297,Open spaces management - region 1,Citywide Service Solutions Pty Ltd,"$12,342.32",11 July 2028,3676
INV43298,Graffiti management and pressure cleaning services,CalcorpsServices Pty Ltd,33278.31,16/07/2029,3668
INV43299,Building cleaning services,Menzies Internatio,177195.28 AUD,19/08/2027,3634
INV43300,Civil infrastructure services,Showtime Event Group Pty Ltd,,15/07/2028,3670
INV43301,Melbourne Town Hall venue management,Showtime  Event  Group  Pty  Ltd,235453.56,23 January 2027,3670
INV43302,Graffiti management and pressure cleaning services,Calcorp Services P/L,0.2m,27/11/20,3668
INV43303,Building maintenance services,Programmed Facility Mgmt Pty Ltd,,22 September 2025,3630
INV43304,Tree management maintenance services,Citywide Service Solutions Pty Ltd,167791.99,27-Jan-2029,3678
INV43305,Vehicle tow away and impound services,NationalProtectiveServicesPtyLtd,58551.8,20/01/2027,3686
INV43306,Graffiti management and pressure cleaning services,Calcorp  Services  Pty  Ltd,200811.19 AUD,25/04/19,3668
INV43307,Management of Active Melbourne recreation facilities,VICTORIAN YMCA COMMUNITY PROGRAMMING PTY LTD,103967.59 AUD,03-Jul-2027,3615
INV43308,Street cleaning,Spotless,"$215,467.84",07 March 2025,3669
INV43309,Parking technology services,Reino International Pty Ltd T/A Duncan Soluqions,95931.85,28/03/2025,3623
INV43310,Street cleaning,Spotless  Facility  Services  Pty  Ltd,112750.81,14/09/2027,3669
INV43311,Parking technology services,Reino International Pty Ltd T/A Duncan Solutions (AU),202684.17 AUD,25/10/2029,3623
INV43312,Open spaces management - region 2,Serco,194878.53,24/08/2026,3677
INV43313,Open spaces management - region 1,Citywide Service Solutions Pty. Ltd.,"$226,258.86",26-Apr-2026,3676
INV43314,Open spaces management - region 2,SERCO,"$214,685.99",2026-07-30,3677
INV43315,Open spaces management - region 2,SERCO,199826.81 AUD,01 October 2027,3677
INV43316,Waste management services,Cleanaway Waste Management Ltd,0.0m,2026-11-28,3556
INV43317,Building maintenance services,Programmed  Facility  Management  Pty  Ltd,186581.69,27/06/04,3630
INV43318,Street cleaning,SPOTLESS FACILITY SERVICES PTY LTD,"$107,511.64",22/05/2029,3669
INV43319,Building cleaning services,Menzies Intl (Aust) Pty Ltd,"$66,648.65",04-Jun-2025,3634
INV43320,Building cleaning services,Menzies Intl (Aust) Pty Ltd,214153.18 AUD,26/11/13,3634
INV43321,Civil infrastructure services,Citywide  Service  Solutions  Pty  Ltd,"$248,587.1",10-Nov-2028,3665
INV43322,Building maintenance services,Programmed Facility Management Pty. Ltd.,186279.3 AUD,19/09/2027,3630
INV43323,Integrated security services,National Protective Services Pty Ltd,0.0m,13/04/2029,3686
INV43324,Street cleaning,National,162668.63 AUD,25/12/27,3686
INV43325,Integrated security services,NATIONAL PROTECTIVE SERVICES PTY LTD,194634.79,26-Feb-2026,3686
INV43326,Waste management services,Cleanaway Waste Management Limited (AU),116158.18 AUD,14/10/2025,3556
INV43327,Civil infrastructure services,Citywide,"$191,444.79",23-Jul-2027,3665
INV43328,Street cleaning,SpotlessFacilityServicesPtyLtd,"$75,895.97",2026-05-30,3669
INV43329,Open spaces management - region 1,Citywide Service Solutionp Pty Ltd,146691.59 AUD,16/05/2025,3676
INV43330,Management of Active Melbourne recreation facilities,VictorianYMCACommunityProgrammingPtyLtd,162079.97 AUD,25/09/2028,3615
INV43331,Street cleaning,Spotless Facility Services Pty Ltd,0.2m,16/10/2026,3669
INV43332,Management of Active Melbourne recreation facilities,Victorian YMCA Community Programming Pty. Ltd.,"$167,283.65",28/08/22,3615
INV43333,Tree management maintenance services,Citywide Service Solutbons Pty Ltd,"$13,070.44",28/10/2026,3678
INV43334,Open spaces management - region 1,CitywideServiceSolutionsPtyLtd,222502.35 AUD,05/02/2028,3676
INV43335,Civil infrastructure services,CITYWIDE SERVICE SOLUTIONS PTY LTD,165121.64,25-Dec-2027,3665
INV43336,Melbourne Town Hall venue management,Showtime Event Group Ppy Ltd,0.0m,10/06/2025,3670
INV43337,Graffiti management and pressure cleaning services,Calcorp,178782.05 AUD,18/11/2025,3668
INV43338,Management of Active Melbourne recreation facilities,VictorianYMCACommunityProgrammingPtyLtd,0.2m,10/06/2026,3615
INV43339,Building cleaning services,Menzies International (Aust) P/L,0.2m,,3634
INV43340,Street cleaning,Spotless Facility Services Pty Ltd,220390.84,21/01/2029,3669
INV43341,Vehicle tow away and impound services,Nacionwide Towing Services,93935.3,10-Nov-2029,3585
INV43342,Open spaces management - region 2,SERCO,0.1m,04/10/2027, 
INV43343,Street cleaning,Spotless FacilityvServices Pty Ltd,0.2m,06-Dec-2025,3669
INV43344,Vehicle tow away and impound services,NATIONWIDE TOWING SERVICES,"$63,719.07",04-Jan-2028,3585
INV43345,Street cleaning,Spotless Facility Services Pty Ltd,115151.48 AUD,2027-08-21,3669
INV43346,Vehicle tow away and impound services,NATIONWIDE TOWING SERVICES,0.2m,01 December 2029,3585
INV43347,Waste management services,Cleanaway Waste Management LTD,183765.32,19 January 2028,3556
INV43348,Civil infrastructure services,Citywide Service Solutiols Pty Ltd,0.2m,2027-12-08,3665
INV43349,Vehicle tow away and impound services,NATIONWIDE TOWING SERVICES,0.1m,19-Jan-2029,3585
INV43350,Integrated security services,Citywide Service Solutions Pty Ltd (AUS),"$76,591.39",13/02/2028,3665
INV43351,Management of Active Melbourne recreation facilities,Victorian YMCA Community Programming Pty Ltd (AUS),216447.73,17 January 2029,3615
INV43352,Building maintenance services,Programmed Facvlity Management Pty Ltd,229968.4,27/01/11,3630
INV43353,Melbourne Town Hall venue management,Showtime Event,148213.21,28/09/05,3670
INV43354,Open spaces management - region 1,Citywide Service Solutions Pty Ltd,0.1m,27/06/19,3676
INV43355,Building maintenance services,Programmed Facility Management Pty Ltd,"$229,259.64",25/11/19,3630
INV43356,Open spaces management - region 2,SERCO,194843.0 AUD,22/05/2027,3677
INV43357,Graffiti management and pressure cleaning services,CALCORP SERVICES PTY LTD,196733.29,28/06/03,3668
INV43358,Integrated security services,National Protective ServicesaPty Ltd,0.1m,28/06/12,3686
INV43359,Management of Active Melbourne recreation facilities,Victorian YMCA Community Programming Pty Ltd,0.0m,,3615
INV43360,Management of Active Melbourne recreation facilities,VictorianYMCACommunityProgrammingPtyLtd,239722.39,03-Apr-2027,3615
INV43361,Building cleaning services,Menzies Internatio,22089.17,19/10/2029,3634
INV43362,Integrated security services,National Protective Services P/L,9960.73,22 November 2029,3686
INV43363,Civil infrastructure services,citywide service solutions pty ltd,0.2m,31/08/2028,3665
INV43364,Building maintenance services,Programmed Facility Management Pty. Ltd.,185666.47,09/06/2026,3630
INV43365,Parking technology services,Reino International Pty Ltd T/A Duncan Solutions,169147.1,02-Sep-2028,3623
INV43366,Tree management maintenance services,Citywide Servsce Solutions Pty Ltd,115958.9,17-Sep-2026,3678
INV43367,Open spaces management - region 1,Citywide Service Solutions Pty Ltd (AU),238376.7,2029-12-18,3676
INV43368,Tree management maintenance services,Citywide Service Solutions Pty Ltd,54204.3 AUD,12 March 2025,3678
INV43369,Vehicle tow away and impound services,NationwideTowingServices,142128.31,26/08/2028,3585
INV43370,Open spaces management - region 2,SERCO,232576.26,23/04/2025,3677
INV43371,Melbourne Town Hall venue management,Showtime Event Group Pty. Ltd.,0.1m,14-Jan-2028,3670
INV43372,Vehicle tow away and impound services,Nationwide Towing Services (AUS),0.1m,25/01/2026,3585
INV43373,Management of Active Melbourne recreation facilities,Victorian,105532.09,2026-11-01,3615
INV43374,Open spaces management - region 1,CITYWIDE SERVICE SOLUTIONS PTY LTD,215367.58 AUD,26/09/07,3676
INV43375,Parking technology services,Reino International Pty Ltd T/A Duncan Solutions,"$81,740.96",16/10/2028,3623
INV43376,Street cleaning,Spotless Facility Sqrvices Pty Ltd,33213.19 AUD,22 November 2029,3669
INV43377,Open spaces management - region 2,kERCO,102166.69,28/08/18,3677
INV43378,Integrated security services,National  Protective  Services  Pty  Ltd,0.2m,10 July 2026,3686
INV43379,Waste management services,Cleanaway Waste Management Limited,98479.47,05 June 2028,3556
INV43380,Civil infrastructure services,CitywideServiceSolutionsPtyLtd,"$200,832.4",06/05/2029,3665
INV43381,Graffiti management and pressure cleaning services,Calcorp Services Pty Ltd,0.1m,07 April 2027,3668
INV43382,Graffiti management and pressure cleaning services,CALCORP SERVICES PTY LTD,36464.76,2025-11-08,3668
INV43383,Waste management services,Cleanaway  Waste  Management  Limited,0.2m,15/10/2029,3556
INV43384,Graffiti management and pressure cleaning services,Calcorp Services P/L,162711.26,14 September 2026,3668
INV43385,Building maintenance services,Programmed Facility Management Pty Ltd (AUS),59886.53,22/12/2025,3630
INV43386,Building maintenance services,Programmed Facility Mgmt Pty Ltd,"$63,094.63",09/10/2027,3630
INV43387,Integrated security services,National Protectiv,170661.38,10-Mar-2029,3686
INV43388,Open spaces management - region 1,Citywide Service Solutions Pty Ltd,0.2m,28 February 2029,3676
INV43389,Melbourne Town Hall venue management,Showtime Event Group P/L,137567.1,16 December 2027,3670
INV43390,Building maintenance services,Programmed Facility Management P/L,4743.07,06-Feb-2029,3630
INV43391,Waste management services,Cleanaway Waste Management Limited (AUS),202402.98,26/07/05, 
INV43392,Civil infrastructure services,Citywide Service ,51908.59 AUD,11-Aug-2026,3665
INV43393,Open spaces management - region 1,Citywide Service Solutions Pty Ltd (AU),129795.43,10 January 2026,3676
INV43394,Melbourne Town Hall venue management,showtime event group pty ltd,"$169,551.04",05/07/2026,3670
INV43395,Melbourne Town Hall venue management,Showtime  Event  Group  Pty  Ltd,0.2m,20 October 2027,3670
INV43396,Street cleaning,Spotless Facility,118110.08 AUD,09-Dec-2028,3669
INV43397,Building cleaning services,Menzies International (Aust) Pty. Ltd.,0.1m,2029-05-29,3634
INV43398,Waste management services,cleanaway waste management limited,78255.2 AUD,22-Apr-2029,3556
INV43399,Vehicle tow away and impound services,Nationwide Towing Serviqes,46552.57,23/05/2027,3585
INV43400,Integrated security services,National Protpctive Services Pty Ltd,71457.46,13/08/2029,3686
INV43401,Street cleaning,Spotless Facility Services Pty. Ltd.,133814.98,07/03/2028,3669
INV43402,Graffiti management and pressure cleaning services,Calcorp Services Pty Ltd,245804.62 AUD,27/12/14,3668
INV43403,Melbourne Town Hall venue management,Showtime Event Group Pty Ltd,66839.51 AUD,11 March 2027,3670
INV43404,Building cleaning services,Menzies,108752.46 AUD,13/08/2025,3634
INV43405,Integrated security services,National Protective Services Pty Ltd,240724.88 AUD,09-Aug-2029,3686
INV43406,Integrated security services,National,15138.24,21-Nov-2025,3686
INV43407,Tree management maintenance services,CitywideServiceSolutionsPtyLtd,0.2m,31/05/2028,3678
INV43408,Waste management services,Cleanaway Waste Management Limited,216775.36 AUD,23-Feb-2029,3556
INV43409,Parking technology services,Reino International Pty Ltd T/A Duncan Solutions,234427.39,13/11/2026,3623
INV43410,Open spaces management - region 2,SERCO,242575.79,11 March 2029,3677
INV43411,Waste management services,Cleanaway Waste Management Limited,"$174,187.68",25/11/24,3556
INV43412,Melbourne Town Hall venue management,Showtime,141154.17,2026-03-17,3670
INV43413,Tree management maintenance services,Citywide Service Svlutions Pty Ltd,27846.61,2025-04-13,3678
INV43414,Tree management maintenance services,CitywideServiceSolutionsPtyLtd,100597.35,16/03/2028,3678
INV43415,Street cleaning,Spotless Facility Services Pty. Ltd.,152864.61,25 December 2026,3669
INV43416,Integrated security services,National Protective Services Pty Ltd (AUS),143318.56,10-May-2028,3686
INV43417,Management of Active Melbourne recreation facilities,Victorian YMCA Communi,0.1m,06-Jan-2028,3615
INV43418,Open spaces management - region 1,CitywideServiceSolutionsPtyLtd,35743.5,27/02/06,3676
INV43419,Melbourne Town Hall venue management,SHOWTIME EVENT GROUP PTY LTD,216923.02 AUD,20/01/2027,3670
INV43420,Vehicle tow away and impound services,Nationwide,109203.46 AUD,30-Jul-2028,3585
INV43421,Integrated security services,NATIONAL PROTECTIVE SERVICES PTY LTD,"$26,167.02",19/10/2027,3686
INV43422,Civil infrastructure services,Cityiide Service Solutions Pty Ltd,0.1m,25/11/2029,3665
INV43423,Open spaces management - region 2,SERCO,0.2m,28/05/01,3677
INV43424,Civil infrastructure services,Citywide Service Solutions Pty Ltd (AUS),182260.58,04 June 2026,3665
INV43425,Open spaces management - region 2,serco,"$119,769.85",26 December 2026,3677
INV43426,Melbourne Town Hall venue management,Showtime Event Group P/L,226874.1,12 June 2027,3670
INV43427,Street cleaning,Spotless Facility Services Pty Ltd (AU),"$184,516.66",06 November 2026,3669
INV43428,Vehicle tow away and impound services,Nationwide Towing Services,0.2m,04/04/2025,3585
INV43429,Street cleaning,Spotless Facility Services Pty Ltd (AUS),0.1m,17/10/2025,3669
INV43430,Open spaces management - region 1,CITYWIDE SERVICE SOLUTIONS PTY LTD,72308.05,05/05/2028,3676
INV43431,Civil infrastructure services,citywide service solutions pty ltd,"$207,312.87",27/08/03,3665
INV43432,Building maintenance services,programmed facility management pty ltd,"$92,930.84",2029-09-04,3630
INV43433,Tree management maintenance services,Citywide  Service  Solutions  Pty  Ltd,115956.12,14-Apr-2025,3678
INV43434,Integrated security services,National  Protective  Services  Pty  Ltd,"$172,222.29",14/05/2026,3686
INV43435,Vehicle tow away and impound services,Nationwide Towing Services,0.2m,04 March 2026,3585
INV43436,Building cleaning services,Menzies International (Aust) Pty Ltd (AUS),"$76,684.28",2029-08-24, 
INV43437,Management of Active Melbourne recreation facilities,Vdctorian YMCA Community Programming Pty Ltd,200066.59 AUD,2028-08-04,3615
INV43438,Vehicle tow away and impound services,Nationwide,247244.0,17 August 2028,3585
INV43439,Tree management maintenance services,CitywideServiceSolutionsPtyLtd,153841.38,27/05/11,3678
INV43440,Vehicle tow away and impound services,Nationwide  Towing  Services,"$24,310.26",14 August 2025,3585
INV43441,Civil infrastructure services,Citywide Service Solutions Pty. Ltd.,"$222,618.12",,3665
INV43442,Civil infrastructure services,Citywide Service ,145733.53,2027-11-23,3665
INV43443,Management of Active Melbourne recreation facilities,Victorian YMCA Community Programming Pty Ltd,204983.49 AUD,10/09/2029,3615
INV43444,Graffiti management and pressure cleaning services,Calcorp,"$162,018.2",27/12/18,3668
INV43445,Graffiti management and pressure cleaning services,Calcorp Services Pty Ltd (AUS),"$203,970.07",01/08/2027,3668
INV43446,Graffiti management and pressure cleaning services,Calcorp Services Pty Ltd (AUS),226770.81,27/07/2029,3668
INV43447,Open spaces management - region 1,Citywide Service Solutions Pty Ltd,94413.65,29/11/12,3676
INV43448,Building cleaning services,Menzies Inyernational (Aust) Pty Ltd,93858.38,05/10/2029,3634
INV43449,Civil infrastructure services,Citywide,207422.57,2026-12-08, 
INV43450,Management of Active Melbourne recreation facilities,Victorian YMCA Community Programming Pty Ltd (AU),"$213,805.05",22/09/2025,3615
INV43451,Building cleaning services,menzies international (aust) pty ltd,100427.62,2025-11-28,3634
INV43452,Waste management services,Cleanaway Waste Mgmt Limited,0.2m,12/10/2025,3556
INV43453,Management of Active Melbourne recreation facilities,Victorian Ymca Community Programming Pty Ltd,113020.28,,3615
INV43454,Waste management services,Cleanaway Waste Management LTD,206318.31,25/12/27,3556
INV43455,Integrated security services,NationalProtectiveServicesPtyLtd,223211.06,29/12/2025,3686
INV43456,Tree management maintenance services,citywide service solutions pty ltd,124606.35 AUD,07-Apr-2028, 
INV43457,Graffiti management and pressure cleaning services,Calcorp Services Pty Ltd (AU),98935.74 AUD,15/09/2027,3668
INV43458,Melbourne Town Hall venue management,SHOWTIME EVENT GROUP PTY LTD,0.1m,14/12/2025,3670
INV43459,Melbourne Town Hall venue management,National Protective Services Pty. Ltd.,106737.65 AUD,13-Oct-2027,3686
INV43460,Street cleaning,Spotless Facility Services Pty Ltd,129499.15 AUD,18 June 2026,3669
INV43461,Civil infrastructure services,Citywide Service Solutions Pty. Ltd.,194549.06 AUD,04-Dec-2027,3665
INV43462,Building cleaning services,Menzies International (Aust) Pty. Ltd.,60387.93,19/05/2028,3634
INV43463,Street cleaning,SpotlessFacilityServicesPtyLtd,0.0m,05/01/2026,3669
INV43464,Building cleaning services,Menzies Internftional (Aust) Pty Ltd,161544.78 AUD,25/01/20,3634
INV43465,Open spaces management - region 2,SERCO,103402.38,23/07/2029,3677
INV43466,Waste management services,Cleanaway Waste Management LTD,12946.67,26-Jul-2025,3556
INV43467,Civil infrastructure services,Citywide Service Solutions P/L,75968.98,28/08/08,3665
INV43468,Civil infrastructure services,Citywide Service Solutions Pty Ltd,"$217,408.8",23/01/2025,3665
INV43469,Building maintenance services,Programmed Facility,68726.37 AUD,18/01/2029,3630
INV43470,Building cleaning services,Menzies International (Aust) Pty Ltd (AU),222291.92 AUD,2025-07-14,3634
INV43471,Building cleaning services,Menzies Ieternational (Aust) Pty Ltd,170209.51,25/12/08,3634
INV43472,Building cleaning services,MenziesInternational(Aust)PtyLtd,0.0m,2027-11-24,3634
INV43473,Tree management maintenance services,Citywide Service ,58491.59 AUD,26/07/16,3678
INV43474,Building maintenance services,Victorian YMCA Community Programming Pty Ltd,110383.36 AUD,24-Feb-2026,3615
INV43475,Open spaces management - region 2,SERCO,0.0m,31-May-2029,3677
INV43476,Building cleaning services,Menzies International (Aust) Pty Ltd,208019.63,20-Feb-2028,3634
INV43477,Building cleaning services,Menzies Internatio,45791.94 AUD,24/09/2025,3634
INV43478,Building cleaning services,Menzies International (Aust) P/L,197453.78,28/09/12,3634
INV43479,Open spaces management - region 1,Citywide Service Solutions Pty Ltd (AUS),,2029-02-28,3676
INV43480,Tree management maintenance services,Citywide Service Solutions Pty. Ltd.,176209.73 AUD,05-Apr-2026,3678
INV43481,Graffiti management and pressure cleaning services,Cdlcorp Services Pty Ltd,0.0m,28/09/2025,3668
INV43482,Open spaces management - region 1,Citywide Service Solutions Pty Ltd (AU),"$45,251.09",07/12/2028, 
INV43483,Tree management maintenance services,citywide service solutions pty ltd,"$133,493.05",27/12/16,3678
INV43484,Graffiti management and pressure cleaning services,Calcorp Services Pty. Ltd.,157917.28 AUD,08/02/2028,3668
INV43485,Building cleaning services,Menzies International (Aust) Pty. Ltd.,0.2m,2029-12-29,3634
INV43486,Parking technology services,ReinoInternationalPtyLtdT/ADuncanSolutions,40141.06,26/12/02,3623
INV43487,Waste management services,CLEANAWAY WASTE MANAGEMENT LIMITED,"$82,810.56",16-Feb-2025,3556
INV43488,Parking technology services,Reino Intl Pty Ltd T/A Duncan Solutions,89793.71,2027-12-23,3623
INV43489,Building maintenance services,Programmed Facility,44187.67,2025-06-20,3630
INV43490,Building maintenance services,Programmed Facility Management Pty Ltd,"$246,223.91",2025-02-25,3630
INV43491,Open spaces management - region 2,SERCO (AU),12514.78,04/03/2028,3677
INV43492,Graffiti management and pressure cleaning services,Calcorp Services Pty Ltd,189629.9 AUD,26/06/12,3668
INV43493,Building cleaning services,Menzies  International  (Aust)  Pty  Ltd,"$90,886.05",20 March 2025,3634
INV43494,Melbourne Town Hall venue management,showtime event group pty ltd,0.1m,19/01/2029,3670
INV43495,Management of Active Melbourne recreation facilities,Victorian YMCA Community Programming Pty Ltd,171508.48,08/07/2028,3615
INV43496,Civil infrastructure services,Citywide Service Solutions P/L,185005.07,04 June 2025,3665
INV43497,Waste management services,Cleanaway Waste Management Limiter,168447.05 AUD,20 January 2027,3556
INV43498,Civil infrastructure services,Citywide,"$24,609.65",2027-03-25,3665
INV43499,Building maintenance services,Programmed Facility Mgmt Pty Ltd,0.2m,14 September 2025,3630
INV43500,Integrated security services,National Protective Services Pty Ltd (AUS),"$155,103.96",24-Aug-2025,3686
INV43501,Graffiti management and pressure cleaning services,Calcorp Services Pty Ltd,0.0m,2026-06-13,3668
INV43502,Building cleaning services,Menzies Ieternational (Aust) Pty Ltd,"$228,844.35",28/05/28,3634
INV43503,Civil infrastructure services,Citywide Service Solutions Pty Ltd,"$12,857.4",27/08/2029,3665
INV43504,Street cleaning,Spotless  Facility  Services  Pty  Ltd,"$233,473.34",30 May 2027,3669
INV43505,Civil infrastructure services,Citywide Service Solutions Pty Ltd,0.0m,25/04/07,3665
INV43506,Tree management maintenance services,Citywide Service Solutions Pty Ltd (AUS),0.2m,02-Dec-2027,3678
INV43507,Melbourne Town Hall venue management,Showtime,0.0m,27/06/29,3670
INV43508,Waste management services,Cleanaway Waste Management Limited,"$153,505.63",08 March 2027,3556
INV43509,Waste management services,Cleanaway,"$16,536.89",28/05/26,3556
INV43510,Open spaces management - region 2,lERCO,0.1m,2025-11-16,3677
INV43511,Open spaces management - region 2,SdRCO,"$115,448.23",2025-07-27,3677
INV43512,Melbourne Town Hall venue management,showtime event group pty ltd,85433.06 AUD,17 April 2027,3670
INV43513,Open spaces management - region 2,SERCO,7137.51,19/03/2027,3677
INV43514,Integrated security services,Menzies International (Aust) Pty Ltd,196145.98,27/06/19,3634
INV43515,Open spaces management - region 2,SERoO,0.1m,13-May-2029,3677
INV43516,Open spaces management - region 1,Citywide Service Solutions Pty Ltd,157950.57,26/10/25,3676
INV43517,Graffiti management and pressure cleaning services,Calcorp Services Pty Ltd (AUS),54795.81,2029-11-15,3668
INV43518,Building maintenance services,Programmed Facility Management P/L,183337.45,2026-04-16,3630
INV43519,Parking technology services,Reino International Pty Ltd T/A Duncan Solutions (AUS),60529.39,28-Oct-2028,3623
INV43520,Melbourne Town Hall venue management,Showtime  Event  Group  Pty  Ltd,25672.45,04 October 2027,3670
INV43521,Open spaces management - region 2,SERCO,215136.65,31/03/2028,3677
INV43522,Building maintenance services,ProgrammedeFacility Management Pty Ltd,168717.03,09/08/2026,3630
INV43523,Vehicle tow away and impound services,Nationwide,146651.64,25/01/07, 
INV43524,Building maintenance services,Programmed Facility,0.2m,10 July 2028,3630
INV43525,Building maintenance services,Programmed Facility Mgmt Pty Ltd,1061.6,20-Jul-2027,3630
INV43526,Civil infrastructure services,Citywide Service Solutions Pty Ltd,216495.71 AUD,2026-02-13,3665
INV43527,Integrated security services,National Protective Services Pty Ltd,"$147,986.06",05 September 2028,3686
INV43528,Open spaces management - region 1,Citywide Service Solutions Pty Ltd (AUS),162089.9 AUD,07/03/2027,3676
INV43529,Management of Active Melbourne recreation facilities,victorian ymca community programming pty ltd,"$216,795.62",25-Sep-2026,3615
INV43530,Parking technology services,Reino International Pty Ltd T/A Duncan Solutions (AU),0.0m,12/10/2025,3623
INV43531,Melbourne Town Hall venue management,Showtime Event Group Pty Ltd,0.2m,05-Jul-2027,3670
INV43532,Integrated security services,National Protective Services Pty Ltd (AUS),9907.97 AUD,28/10/26,3686
INV43533,Building maintenance services,ProgrammedFacilityManagementPtyLtd,118947.62,29/10/14,3630
INV43534,Graffiti management and pressure cleaning services,Calcorp,130938.28 AUD,30-Apr-2026,3668
INV43535,Street cleaning,spotless facility services pty ltd,82473.13,21 March 2027,3669
INV43536,Open spaces management - region 1,Citywide Service Solutions Pty Ltd,0.2m,04 January 2026,3676
INV43537,Waste management services,Cleanaway,158211.99,09-Nov-2028,3556
INV43538,Street cleaning,Spotless Facility Services P/L,"$26,037.83",27 July 2028,3669
INV43539,Building cleaning services,Menzies International (Aust) Pty Ltd (AUS),125704.78,05 February 2026,3634
INV43540,Graffiti management and pressure cleaning services,Spotless Facility,124053.73,02/03/2026,3669
INV43541,Waste management services,Cleanaway Waste Management Limited,0.2m,28/04/27,3556
INV43542,Integrated security services,national protective services pty ltd,"$162,359.14",02-Jul-2026,3686
INV43543,Management of Active Melbourne recreation facilities,VictorianYMCACommunityProgrammingPtyLtd,104388.76 AUD,16/06/2025,3615
INV43544,Building maintenance services,Programmed,0.1m,20/01/2025,3630
INV43545,Open spaces management - region 1,CITYWIDE SERVICE SOLUTIONS PTY LTD,"$200,827.39",26/10/30,3676
INV43546,Graffiti management and pressure cleaning services,Calcorp Services Pty Ltd,68333.29 AUD,25/05/15,3668
INV43547,Tree management maintenance services,Citywide Service Solutions Pty Ltd,213247.22,10/05/2028,3678
INV43548,Waste management services,Cleanaway Waste Management Limited (AUS),197432.85,2026-06-03,3556
INV43549,Integrated security services,National Protective Services P/L,15242.17,2026-04-19,3686
INV43550,Civil infrastructure services,Citywide Service Solutions Pty Ltd (AU),219526.85 AUD,2029-09-05,3665
INV43551,Building cleaning services,Menzies International (Aust) Pty Ltd (AU),52376.43,15 May 2028,3634
INV43552,Tree management maintenance services,Citywide Service Solutions P/L,0.1m,27-Jul-2025,3678
INV43553,Integrated security services,NationalProtectiveServicesPtyLtd,0.1m,28-Oct-2026,3686
INV43554,Open spaces management - region 2,SERCO,4362.62,24-Dec-2026,3677
INV43555,Management of Active Melbourne recreation facilities,VictorianYMCACommunityProgrammingPtyLtd,"$32,074.02",02-Oct-2028,3615
INV43556,Building cleaning services,Menzies International (Aust) Pty Ltd (AU),71285.92,,3634
INV43557,Building cleaning services,Menzies Internatio,160929.68,29/04/09,3634
INV43558,Building maintenance services,Programmed,163578.42 AUD,28 November 2028,3630
INV43559,Waste management services,CLEANAWAY WASTE MANAGEMENT LIMITED,155387.16,2028-10-28,3556
INV43560,Management of Active Melbourne recreation facilities,Victorian YMCA Communi,"$60,845.53",02/04/2027,3615
INV43561,Melbourne Town Hall venue management,Showtime Event Group Pty Ltd (AU),0.1m,14/01/2029,3670
INV43562,Tree management maintenance services,Citywide,"$198,946.78",09/12/2027,3678
INV43563,Vehicle tow away and impound services,Nationwide Towing Smrvices,"$138,249.91",23-Jun-2026,3585
INV43564,Vehicle tow away and impound services,Nationwide Towing Services (AU),83148.77,17 July 2026,3585
INV43565,Open spaces management - region 2,SERCO,237499.64,25/10/06,3677
INV43566,Melbourne Town Hall venue management,ShowtimeEventGroupPtyLtd,0.0m,15/04/2026,3670
INV43567,Tree management maintenance services,Citywide Servics Solutions Pty Ltd,233512.76,05/02/2026,3678
INV43568,Building cleaning services,Menzies International (Aust) Pty Lcd,0.0m,22/05/2029,3634
INV43569,Open spaces management - region 2,aERCO,55465.07,06/01/2029,3677
INV43570,Street cleaning,Spotless  Facility  Services  Pty  Ltd,25705.95,17-Apr-2026,3669
INV43571,Graffiti management and pressure cleaning services,CalcorpServicesPtyLtd,"$6,727.56",16/10/2028,3668
INV43572,Civil infrastructure services,Citywide,0.0m,06/03/2027,3665
INV43573,Building cleaning services,Menzies Internatio,33550.74,2028-12-12, 
INV43574,Waste management services,Cleanaway Waste Management Ltd,0.2m,03/10/2028,3556
INV43575,Graffiti management and pressure cleaning services,cleanaway waste management limited,54335.56 AUD,10 April 2027,3556
INV43576,Tree management maintenance services,Citywide Service ,0.2m,16 August 2027,3678
INV43577,Graffiti management and pressure cleaning services,Calcorp Services Pty Ltd (AUS),"$130,891.42",13/06/2027,3668
INV43578,Building cleaning services,Menzies International (Aust) Pty Ltd (AU),"$115,016.02",13/01/2028,3634
INV43579,Tree management maintenance services,Citywide Service Solutions Pty Ltd (AUS),57561.48,06 June 2026,3678
INV43580,Street cleaning,Spotless Facility Services Pty. Ltd.,135084.68,05/07/2028,3669
INV43581,Open spaces management - region 2,SERCO,0.0m,06/02/2027,3677
INV43582,Parking technology services,Reino International Pty. Ltd. T/A Duncan Solutions,"$98,472.53",30/03/2026,3623
INV43583,Parking technology services,Reino International P/L T/A Duncan Solutions,0.1m,27/02/13,3623
INV43584,Integrated security services,National Protectiv,0.2m,28/05/31,3686
INV43585,Parking technology services,Reino International Pty Ltd T/A Duncan Solutions (AUS),0.2m,29/08/15,3623
INV43586,Melbourne Town Hall venue management,ShowtimeEventGroupPtyLtd,194546.71,02-Mar-2025,3670
INV43587,Parking technology services,Reino International Pty Ltd T/A Duncan Solutions (AUS),0.0m,19/03/2026,3623
INV43588,Vehicle tow away and impound services,Cleanaway,"$212,755.94",2025-10-27,3556
INV43589,Building maintenance services,Programmed Facility,118278.56,05/09/2027, 
INV43590,Integrated security services,National Protective Services Pty Ltd (AUS),73505.05,20-Sep-2029,3686
INV43591,Tree management maintenance services,CITYWIDE SERVICE SOLUTIONS PTY LTD,213753.08,2028-12-07,3678
INV43592,Civil infrastructure services,citywide service solutions pty ltd,"$141,858.41",23/02/2026,3665
INV43593,Street cleaning,Spotless  Facility  Services  Pty  Ltd,198651.58,15 May 2029,3669
INV43594,Street cleaning,Scotless Facility Services Pty Ltd,189685.64,04/11/2027,3669
INV43595,Melbourne Town Hall venue management,Showtime Event,"$74,376.38",2027-07-21,3670
INV43596,Management of Active Melbourne recreation facilities,Victorian YMCA Community Programming Pty. Ltd.,194127.05 AUD,27/08/31,3615
INV43597,Vehicle tow away and impound services,NATIONWIDE TOWING SERVICES,156386.74,07 July 2026, 
INV43598,Vehicle tow away and impound services,Nationwide Towing Services,173363.57 AUD,30/07/2027,3585
INV43599,Building cleaning services,Menzies International (Aust) Pty Ltd,135995.93,2029-06-10,3634
INV43600,Street cleaning,Spotless Facility Services Pty Ltd (AUS),0.1m,17 August 2028,3669
INV43601,Graffiti management and pressure cleaning services,Calcorp Services Pty Ltu,10635.04 AUD,25 May 2027,3668
INV43602,Tree management maintenance services,citywide service solutions pty ltd,51309.84,14-Mar-2027,3678
INV43603,Civil infrastructure services,Citywide Service Solutions Pty Ltd (AUS),"$141,980.44",03-Nov-2029,3665
INV43604,Melbourne Town Hall venue management,Showtime Event Group Pty Ltd (AUS),187883.94,2029-12-30,3670
INV43605,Vehicle tow away and impound services,nationwide towing services,31873.6,03/07/2026,3585
INV43606,Vehicle tow away and impound services,NATIONWIDE TOWING SERVICES,98121.78,17 January 2028,3585
INV43607,Tree management maintenance services,Citywide Service Solutions Pty Ltd,166448.06 AUD,11-May-2026,3678
INV43608,Tree management maintenance services,SERCO,79031.29,2026-03-22,3677
INV43609,Tree management maintenance services,Citywide Seroice Solutions Pty Ltd,172894.79,27/11/23,3678
INV43610,Vehicle tow away and impound services,Nationwide Towing Services (AU),209450.64 AUD,03 November 2029,3585
INV43611,Building cleaning services,Menzies  International  (Aust)  Pty  Ltd,0.1m,19 May 2025,3634
INV43612,Open spaces management - region 2,SERCO,187539.6,2026-11-12,3677
INV43613,Vehicle tow away and impound services,Nationwide  Towing  Services,220586.48 AUD,29/03/13,3585
INV43614,Vehicle tow away and impound services,Nationwide  Towing  Services,"$169,088.45",14 August 2028,3585
INV43615,Civil infrastructure services,Citywide Service Solutions Pty Ltd,"$44,675.67",18/05/2025,3665
INV43616,Waste management services,CLEANAWAY WASTE MANAGEMENT LIMITED,140632.66,03/04/2027,3556
INV43617,Integrated security services,National Protective Services P/L,171620.07,2028-09-26,3686
INV43618,Civil infrastructure services,Citywide Service Solutions Pty Ltd (AU),"$40,953.31",28/11/27,3665
INV43619,Tree management maintenance services,Citywide Service Solutions Pty. Ltd.,108492.37,2026-02-12,3678
INV43620,Parking technology services,ReinoInternationalPtyLtdT/ADuncanSolutions,134621.26,29 April 2025,3623
INV43621,Building cleaning services,Menzies,0.2m,22/07/2025,3634
INV43622,Open spaces management - region 1,Citywide Service Solutions Pty Ltd,"$60,925.22",14 February 2029,3676
INV43623,Waste management services,cleanaway waste management limited,159485.87 AUD,2029-12-23,3556
INV43624,Tree management maintenance services,Citywide Service Solutions Pty Ltd,36836.7,09-Dec-2029,3678
INV43625,Open spaces management - region 1,Citywide,0.2m,25/10/24,3676
INV43626,Building cleaning services,Menzies Int’l (Aust) Pty Ltd,39161.05,14 January 2028,3634
INV43627,Graffiti management and pressure cleaning services,Calcorp Services Pty Ltd (AU),177283.71,,3668
INV43628,Parking technology services,Reino Intl Pty Ltd T/A Duncan Solutions,30743.95 AUD,04 March 2028, 
INV43629,Open spaces management - region 1,CitywideServiceSolutionsPtyLtd,"$176,372.88",27/07/14,3676
INV43630,Open spaces management - region 1,Citywide Service Solutions Pty Ltd (AU),195524.47,16-Dec-2029,3676
INV43631,Vehicle tow away and impound services,Nationwide Towing Services (AU),0.1m,2028-02-09,3585
INV43632,Building cleaning services,Menzies International cAust) Pty Ltd,42907.87 AUD,14/01/2028,3634
INV43633,Management of Active Melbourne recreation facilities,Victorian YMCA Community Programming Pty. Ltd.,232187.92,25/06/2025,3615
INV43634,Street cleaning,Spotless Facility Services Pty Ltd,0.1m,29/11/18,3669
INV43635,Open spaces management - region 1,Citywide Service Solutions Pty Ltd (AUS),"$137,735.22",30 August 2026,3676
INV43636,Street cleaning,Spotless  Facility  Services  Pty  Ltd,0.2m,12-Aug-2026,3669
INV43637,Building cleaning services,Menzies Int’l (Aust) Pty Ltd,196724.18,2026-03-20,3634
INV43638,Waste management services,Cleanaway  Waste  Management  Limited,45104.02 AUD,25/10/31,3556
INV43639,Building cleaning services,Menzies International (Aust) Pty Ltd,129198.23,05/08/2026, 
INV43640,Waste management services,Cleanaway Waste sanagement Limited,100746.68 AUD,28/12/16,3556
INV43641,Integrated security services,National Protectiv,39011.79,27/03/02,3686
INV43642,Melbourne Town Hall venue management,Showtime Event Group Pty htd,126293.76,08-Apr-2025,3670
INV43643,Building cleaning services,Menzies International (Aust) Pty Ltd,151781.91,20/04/2025,3634
INV43644,Building maintenance services,Programmed Facility Management Pty Ltd,0.1m,25/03/09,3630
INV43645,Parking technology services,Reino International Pty Ltd T/A Duncan Solutions,"$87,834.28",16/11/2027,3623
INV43646,Graffiti management and pressure cleaning services,Calcorp Services P/L,160019.76,26/04/2029,3668
INV43647,Melbourne Town Hall venue management,Showtime Evfnt Group Pty Ltd,30298.7,30/06/2026, 
INV43648,Street cleaning,Spotless Facility Services Pty Ltd,78557.09 AUD,2025-12-04,3669
INV43649,Integrated security services,NATIONAL PROTECTIVE SERVICES PTY LTD,41580.48 AUD,28/09/17,3686
INV43650,Building cleaning services,Menzies  International  (Aust)  Pty  Ltd,"$52,002.5",29/12/09,3634
INV43651,Street cleaning,Spotless Facility Services Pty Ltd,150967.99 AUD,28/02/15,3669
INV43652,Building maintenance services,Programmed Facility Management P/L,0.1m,16 October 2029,3630
INV43653,Vehicle tow away and impound services,nationwide towing services,0.1m,26/11/27,3585
INV43654,Building maintenance services,ProgrammedFacilityManagementPtyLtd,0.2m,2029-10-20,3630
INV43655,Building cleaning services,Menzies International (Aust) Pty Ltd,229747.05 AUD,05/05/2026,3634
INV43656,Management of Active Melbourne recreation facilities,VictorianYMCACommunityProgrammingPtyLtd,155419.35 AUD,08/11/2027,3615
INV43657,Open spaces management - region 1,Citywide Service Solutions Pty Ltd,52494.53,04/07/2027,3676
INV43658,Integrated security services,National Protective Services Pty Ltd,0.1m,09-Jun-2029,3686
INV43659,Open spaces management - region 1,Citywide Service Solutions Pty Ltd,226222.7 AUD,27/01/28,3676
INV43660,Waste management services,Cleanaway Waste Management Limited (AU),83563.46 AUD,29 July 2028,3556
INV43661,Street cleaning,Spotless Facility Services P/L,0.0m,02 March 2029,3669
INV43662,Open spaces management - region 2,SERCO,78612.08,2025-02-17,3677
INV43663,Street cleaning,Spotless Facility Services Pty. Ltd.,49305.78,10 August 2027,3669
INV43664,Integrated security services,National Protective Services Pty. Ltd.,21168.35,27/03/2027,3686
INV43665,Street cleaning,Nationwide,114674.07,25 May 2029,3585
INV43666,Building cleaning services,Menzies Internatio,"$10,876.18",04-Feb-2029,3634
INV43667,Tree management maintenance services,Citywide Service Solutions Pty Ltd (AUS),182320.58,17/02/2026,3678
INV43668,Graffiti management and pressure cleaning services,Calcorp Services Pty Ltd,116714.86,27/06/13,3668
INV43669,Parking technology services,Reino International Pty ,85776.48,2029-08-22,3623
INV43670,Graffiti management and pressure cleaning services,Calcorp  Services  Pty  Ltd,95206.01 AUD,2026-07-17,3668
INV43671,Management of Active Melbourne recreation facilities,victorian ymca community programming pty ltd,203662.4,18-Mar-2027,3615
INV43672,Graffiti management and pressure cleaning services,Calcorp,"$127,649.43",2026-04-23,3668
INV43673,Melbourne Town Hall venue management,Showtime  Event  Group  Pty  Ltd,160644.98,26/04/04,3670
INV43674,Parking technology services,ReinoInternationalPtyLtdT/ADuncanSolutions,"$198,998.44",07/03/2029,3623
INV43675,Street cleaning,Spotless Facility Services Pty Ltd,62889.36 AUD,13/07/2028,3669
INV43676,Street cleaning,Spotless Facility Services Pty Ltd,197547.77 AUD,22/08/2027,3669
INV43677,Open spaces management - region 2,serco,87148.93,16-Dec-2026,3677
INV43678,Graffiti management and pressure cleaning services,Calcorp Services PtyoLtd,6769.14,31/10/2025,3668
INV43679,Building maintenance services,Programmed Facility Mgmt Pty Ltd,33725.24,15-Apr-2029,3630
INV43680,Building cleaning services,Menzies Int’l (Aust) Pty Ltd,160790.56,24/05/2029,3634
INV43681,Integrated security services,National Protective Services Pty Ltd (AU),37057.14,26/06/08,3686
INV43682,Waste management services,Cleanaway Waste Management Ltd,"$211,488.0",05-Mar-2027,3556
INV43683,Building cleaning services,Menzies International (Aust) Pty. Ltd.,"$100,325.43",16/02/2028, 
INV43684,Civil infrastructure services,Citywide Service Solutions Pty. Ltd.,159060.85,25/02/2027,3665
INV43685,Management of Active Melbourne recreation facilities,Victorian YMCA Community Programming Pty. Ltd.,172955.1,15 June 2026,3615
INV43686,Open spaces management - region 2,Serco,0.2m,02/04/2028,3677
INV43687,Street cleaning,Reino  International  Pty  Ltd  T/A  Duncan  Solutions,8728.82,26 June 2027,3623
INV43688,Street cleaning,Spotless Facility Services Pty Ltd,"$109,690.63",26 June 2028,3669
INV43689,Integrated security services,National Protectiv,191040.24 AUD,24/06/2029, 
INV43690,Parking technology services,Reino International Pty Ltd T/A Duncan Solutions,15701.96 AUD,05 May 2027, 
INV43691,Integrated security services,National Protective Services Pty Ltd,102868.76,10 October 2027,3686
INV43692,Parking technology services,Reino Intl Pty Ltd T/A Duncan Solutions,0.0m,12 February 2029,3623
INV43693,Open spaces management - region 1,Citywide Service Solutions Ppy Ltd,55528.5 AUD,03/04/2027,3676
INV43694,Integrated security services,National Protective Services Pty Ltd,89035.81,18 January 2025,3686
INV43695,Open spaces management - region 1,Citywide Service Solutions Pty Ltd,0.2m,28/10/19,3676
INV43696,Integrated security services,National Protectiv,0.1m,27/07/17,3686
INV43697,Integrated security services,National Protective Services P/L,248290.09,18-Jun-2029,3686
INV43698,Management of Active Melbourne recreation facilities,VictorianYMCACommunityProgrammingPtyLtd,185719.06,27 January 2025,3615
INV43699,Tree management maintenance services,Citywide Service Solutbons Pty Ltd,194954.48 AUD,27/04/19,3678
INV43700,Building maintenance services,PROGRAMMED FACILITY MANAGEMENT PTY LTD,0.1m,23/05/2029,3630
INV43701,Management of Active Melbourne recreation facilities,Victorian YMCA Community Programming P/L,"$22,512.93",02/01/2026,3615
INV43702,Civil infrastructure services,Citywide Service Solutions Pty Ltd,6832.52,05/06/2028,3665
INV43703,Open spaces management - region 1,Citywide Service Solutions Pty Ltd,,15-Jun-2025,3676
INV43704,Graffiti management and pressure cleaning services,Calcorp Services Pty Ltd,25725.37 AUD,2029-03-23,3668
INV43705,Street cleaning,SERCO (AU),140663.05,18 April 2027,3677
INV43706,Open spaces management - region 2,Serco,84344.24,10 December 2026,3677
INV43707,Street cleaning,spotless facility services pty ltd,"$137,437.29",2029-11-04,3669
INV43708,Integrated security services,National Protective Services Pty Ltd,"$201,076.44",2025-12-22,3686
INV43709,Integrated security services,National  Protective  Services  Pty  Ltd,195320.06,25/04/06,3686
INV43710,Management of Active Melbourne recreation facilities,Victorian YMCA Community Programming Pty. Ltd.,180620.34 AUD,29/09/18, 
INV43711,Building maintenance services,Programmed Facility Management Pty Ltd,0.1m,10/06/2025,3630
INV43712,Vehicle tow away and impound services,Nationwide Towing Services,"$182,883.07",27 July 2028,3585
INV43713,Management of Active Melbourne recreation facilities,Victorian  YMCA  Community  Programming  Pty  Ltd,16055.58,15/12/2027,3615
INV43714,Melbourne Town Hall venue management,Showtime Event Group Pty. Ltd.,"$219,116.31",03/01/2028,3670
INV43715,Building maintenance services,programmed facility management pty ltd,0.2m,25/04/05,3630
INV43716,Waste management services,Cleanaway,0.2m,26/01/07,3556
INV43717,Vehicle tow away and impound services,Nationwide Towing Services,0.0m,2025-01-03,3585
INV43718,Parking technology services,Reino International P/L T/A Duncan Solutions,"$45,842.34",18-Mar-2025,3623
INV43719,Open spaces management - region 2,SERCO,146548.63,05/11/2026,3677
INV43720,Melbourne Town Hall venue management,Showtime Event Group Pty Ltd,92530.02,25/02/02,3670
INV43721,Melbourne Town Hall venue management,Showtime Event Group Pty Ltd (AUS),79873.67,10-Feb-2027,3670
INV43722,Open spaces management - region 1,Citywide Service ,106447.04,01/11/2027,3676
INV43723,Tree management maintenance services,Citywide  Service  Solutions  Pty  Ltd,12559.83,2025-01-04,3678
INV43724,Integrated security services,National Protective Services Pty Ltd (AUS),131063.21,09/04/2028,3686
INV43725,Integrated security services,NationalProtectiveServicesPtyLtd,185290.86,05 April 2025,3686
INV43726,Street cleaning,Spotless  Facility  Services  Pty  Ltd,94069.21,19-Apr-2026,3669
INV43727,Building maintenance services,Programmed Facility,0.1m,19-Dec-2028,3630
INV43728,Integrated security services,national protective services pty ltd,0.2m,30 March 2026, 
INV43729,Melbourne Town Hall venue management,Showtime  Event  Group  Pty  Ltd,"$7,360.44",2026-01-17,3670
INV43730,Building cleaning services,CLEANAWAY WASTE MANAGEMENT LIMITED,0.0m,25 February 2029,3556
INV43731,Building cleaning services,Menzies International (Aust) P/L,"$62,442.23",25/05/21,3634
INV43732,Tree management maintenance services,Citywide,0.1m,06-Sep-2027,3678
INV43733,Integrated security services,National Proteotive Services Pty Ltd,"$182,004.83",2029-05-04,3686
INV43734,Open spaces management - region 2,SERCO,96839.11,19-Sep-2029,3677
INV43735,Open spaces management - region 2,SERCO,"$9,975.76",25 May 2027,3677
INV43736,Civil infrastructure services,Citywide  Service  Solutions  Pty  Ltd,0.2m,2028-10-02,3665
INV43737,Melbourne Town Hall venue management,showtime event group pty ltd,0.2m,20/01/2028,3670
INV43738,Civil infrastructure services,citywide service solutions pty ltd,91724.85 AUD,05/08/2027,3665
INV43739,Open spaces management - region 1,Citywide Service Solutions Pty Lxd,179362.2 AUD,25-Oct-2027,3676
INV43740,Management of Active Melbourne recreation facilities,Victorian YMCA Community Programming P/L,137399.23,2025-08-23,3615
INV43741,Open spaces management - region 2,SERCO,240466.17,14-Jul-2026, 
INV43742,Building cleaning services,Menzies,0.1m,,3634
INV43743,Street cleaning,Spotlesz Facility Services Pty Ltd,0.2m,28/08/2027, 
INV43744,Civil infrastructure services,CITYWIDE SERVICE SOLUTIONS PTY LTD,"$194,747.08",09/01/2028,3665
INV43745,Building maintenance services,Programmed Facility Management Pty Ltd,69739.46 AUD,28-Feb-2026,3630
INV43746,Integrated security services,National Protective Services Pty Ltd (AU),0.1m,2029-02-21,3686
INV43747,Parking technology services,Reino International Pty Ltd T/A Duncan Solutions,118541.52,15 October 2027,3623
INV43748,Tree management maintenance services,Citywide Service Solutions Pty Ltd (AUS),247186.5 AUD,22 June 2029,3678
INV43749,Graffiti management and pressure cleaning services,Calcorp,0.1m,23 June 2029,3668
INV43750,Vehicle tow away and impound services,Nationwide,122283.27 AUD,06-May-2026,3585
INV43751,Street cleaning,Spotless Facility Services P/L,198274.49 AUD,20-Oct-2025,3669
INV43752,Open spaces management - region 1,Citywide Service ,51040.79 AUD,29/09/22,3676
INV43753,Management of Active Melbourne recreation facilities,Victorian YMCA Community Programming Pty Ltd (AUS),101291.95 AUD,08/08/2027,3615
INV43754,Waste management services,Cleanaway,163439.98,22 July 2025,3556
INV43755,Integrated security services,National Protective Services Pty Ltd,0.1m,2027-11-22,3686
INV43756,Graffiti management and pressure cleaning services,Calcorp Services Pty. Ltd.,112820.65,2027-07-18,3668
INV43757,Melbourne Town Hall venue management,Showtime Event Group Pty Ltd (AU),6351.49,2029-12-08,3670
INV43758,Integrated security services,National Protective Services P/L,134241.26,2028-10-29,3686
INV43759,Open spaces management - region 1,CITYWIDE SERVICE SOLUTIONS PTY LTD,"$124,815.27",12/08/2028,3676
INV43760,Graffiti management and pressure cleaning services,Calcorp Services Pty Ltd,0.1m,15 November 2027,3668
INV43761,Open spaces management - region 2,SERCO,"$24,393.85",07/09/2026,3677
INV43762,Melbourne Town Hall venue management,Showtime Event,148796.49,2026-07-09,3670
INV43763,Waste management services,Cleanaway,229449.17,27/06/2025,3556
INV43764,Civil infrastructure services,Citywide Service ,249735.73 AUD,16-Jan-2028,3665
INV43765,Integrated security services,National  Protective  Services  Pty  Ltd,129802.53,2029-07-07,3686
INV43766,Tree management maintenance services,Citywide Service ,"$226,909.89",13 September 2028,3678
INV43767,Parking technology services,Reino International Pty. Ltd. T/A Duncan Solutions,18638.82,27/01/04,3623
INV43768,Building cleaning services,Menzies Int’l (Aust) Pty Ltd,242957.59 AUD,09 January 2026, 
INV43769,Civil infrastructure services,Citywide Service Solutions Pty Ltd,134930.69,01/10/2025,3665
INV43770,Waste management services,Cleanaway Waste Management Ltd,"$169,913.01",2028-11-20, 
INV43771,Management of Active Melbourne recreation facilities,Victorian YMCA Community Programming Pty. Ltd.,0.1m,18/09/2029,3615
INV43772,Vehicle tow away and impound services,Nationwide Towing Services,0.2m,10/01/2027,3585
INV43773,Open spaces management - region 2,SERCO (AU),0.1m,20/08/2029,3677
INV43774,Parking technology services,Reino International Pty Ltd T/A Duncan Solutions,0.2m,29 September 2025,3623
INV43775,Vehicle tow away and impound services,Nationwide Towing Services (AUS),0.2m,05 September 2027,3585
INV43776,Melbourne Town Hall venue management,ShowtimeEventGroupPtyLtd,"$134,533.09",2027-11-15,3670
INV43777,Parking technology services,Reino  International  Pty  Ltd  T/A  Duncan  Solutions,"$29,792.17",29/12/26,3623
INV43778,Building cleaning services,Menzies International (Aust) Pty Lad,0.1m,14 September 2029,3634
INV43779,Open spaces management - region 1,Citywide Service Solutions Pty Ltd (AU),0.2m,2029-05-07,3676
INV43780,Open spaces management - region 2,serco,183210.55,2027-11-08,3677
INV43781,Building maintenance services,Programmed  Facility  Management  Pty  Ltd,0.1m,30 May 2026,3630
INV43782,Civil infrastructure services,Citywide  Service  Solutions  Pty  Ltd,0.2m,03 June 2027,3665
INV43783,Open spaces management - region 2,serco,150981.08 AUD,12 September 2026,3677
INV43784,Civil infrastructure services,Citywide Service Solutions Pty Ltd (AUS),0.2m,24/02/2025,3665
INV43785,Melbourne Town Hall venue management,Showtime Event Group Pty Ltd,134594.21,27/05/2028,3670
INV43786,Waste management services,CLEANAWAY WASTE MANAGEMENT LIMITED,48519.86 AUD,19-Dec-2028,3556
INV43787,Open spaces management - region 2,SERCO,96383.96,19/11/2029,3677
INV43788,Graffiti management and pressure cleaning services,Calcorp Services Pty Ltd (AUS),"$195,005.12",15/01/2027, 
INV43789,Melbourne Town Hall venue management,Showtime Event Group Pty Ltd,128098.3 AUD,21/10/2026,3670
INV43790,Building cleaning services,MenziesInternational(Aust)PtyLtd,0.1m,2028-02-17, 
INV43791,Building maintenance services,Programmed Facility Management P/L,224480.75,01/12/2027,3630
INV43792,Open spaces management - region 1,citywide service solutions pty ltd,67549.83,25/01/05,3676
INV43793,Open spaces management - region 1,Citywide Service Solutions Pty. Ltd.,15864.35 AUD,01-Nov-2027,3676
INV43794,Management of Active Melbourne recreation facilities,Victorian YMCA Community Programming Pty Ltd,,2027-03-04,3615
INV43795,Graffiti management and pressure cleaning services,Calcorp Services P/L,41810.2 AUD,26/06/2028,3668
INV43796,Building maintenance services,Programmed Facility Managpment Pty Ltd,202376.9,08/02/2027,3630
INV43797,Tree management maintenance services,CLEANAWAY WASTE MANAGEMENT LIMITED,"$223,268.02",27/02/10, 
INV43798,Tree management maintenance services,Citywide Service Solutions Pty Ltd,0.2m,07 April 2029,3678
INV43799,Tree management maintenance services,Citywide Service Solutions Pty. Ltd.,0.2m,2026-11-15,3678
INV43800,Management of Active Melbourne recreation facilities,Victorian YMCA Communi,14952.95 AUD,23 July 2028,3615
INV43801,Building cleaning services,MENZIES INTERNATIONAL (AUST) PTY LTD,112691.85,27-Jul-2025,3634
INV43802,Vehicle tow away and impound services,Nationwide Towing Services,0.2m,2025-09-01,3585
INV43803,Open spaces management - region 1,Citywide Service Solutions P/L,172482.77,01 April 2027,3676
INV43804,Open spaces management - region 1,Citywide Service Solutions PtyqLtd,"$20,378.15",21/02/2029,3676
INV43805,Management of Active Melbourne recreation facilities,victorian ymca community programming pty ltd,"$184,977.62",12 October 2027,3615
INV43806,Graffiti management and pressure cleaning services,Calcorp,"$3,179.79",12/12/2025,3668
INV43807,Open spaces management - region 2,SERCO (AU),103723.84 AUD,26/06/18,3677
INV43808,Open spaces management - region 1,Citywide Service Solutions P/L,113017.82,2025-07-23,3676
INV43809,Open spaces management - region 2,SERCO (AU),147154.11,22/01/2029,3677
INV43810,Integrated security services,National Protective Services P/L,164424.5 AUD,01-Jul-2029,3686
INV43811,Tree management maintenance services,Citywipe Service Solutions Pty Ltd,,19 July 2027,3678
INV43812,Parking technology services,Reino International Pty Ltd T/A Duncan Solutions,0.1m,17/08/2026,3623
INV43813,Building maintenance services,Programmed Facility Management Pty Ltd (AU),56996.27,2026-01-28,3630
INV43814,Open spaces management - region 2,SERCO,"$242,589.93",08 May 2028,3677
INV43815,Integrated security services,NATIONAL PROTECTIVE SERVICES PTY LTD,208174.63 AUD,23/11/2025, 
INV43816,Open spaces management - region 2,SERCO (AU),0.2m,14 April 2027,3677
INV43817,Waste management services,Cleanaway Waste Manabement Limited,124779.07 AUD,28/10/2025,3556
INV43818,Civil infrastructure services,Citywide Service Solutions Pty Ltd (AU),0.2m,27-Apr-2025,3665
INV43819,Tree management maintenance services,Citywide Service Solctions Pty Ltd,70851.4,2029-10-18,3678
INV43820,Civil infrastructure services,Citywide Service ,112301.35,15/09/2026,3665
INV43821,Civil infrastructure services,Citywide Service Solutions Pty Ltd (AUS),169075.51,07/03/2028,3665
INV43822,Integrated security services,National Protective Services Pty. Ltd.,148820.47,06 October 2025,3686
INV43823,Civil infrastructure services,Citywide Service Solutions Pby Ltd,174419.96 AUD,12/01/2027,3665
INV43824,Open spaces management - region 2,serco,73014.05 AUD,19-Dec-2029,3677
INV43825,Parking technology services,Reino International Pty Ltd T/A Duncan Solutions,64943.48 AUD,27/04/09,3623
INV43826,Vehicle tow away and impound services,nationwide towing services,"$207,400.66",25/09/2025,3585
INV43827,Vehicle tow away and impound services,Nationwide Towing Services (AU),0.1m,08/12/2027,3585
INV43828,Management of Active Melbourne recreation facilities,victorian ymca community programming pty ltd,78927.35,14-Sep-2026,3615
INV43829,Tree management maintenance services,Citywide Service Solutions Pty Ltd,185068.63,15-May-2026,3678
INV43830,Open spaces management - region 2,SERCO,114500.56 AUD,27 July 2028,3677
INV43831,Tree management maintenance services,Citywide Service Solutions Pty Ltd,210900.87,2028-01-15,3678
INV43832,Melbourne Town Hall venue management,Cleanaway Waste Management Ltd,0.1m,11/02/2025,3556
INV43833,Open spaces management - region 2,SERCO (AUS),77836.94,20 August 2028,3677
INV43834,Parking technology services,Reino International Pty ,140746.61 AUD,27/11/04,3623
INV43835,Building cleaning services,Menzies Internatio,0.1m,11/03/2026,3634
INV43836,Graffiti management and pressure cleaning services,Calcorp Services Pty Ltd,0.2m,14/08/2026,3668
INV43837,Open spaces management - region 2,eERCO,,04-Sep-2026, 
INV43838,Integrated security services,National Protective Services Pty Ltd,119620.56,2029-01-23,3686
INV43839,Parking technology services,reino international pty ltd t/a duncan solutions,"$59,851.4",04 August 2025,3623
INV43840,Parking technology services,nationwide towing services,0.2m,27/03/23,3585
INV43841,Building cleaning services,Menzies Int’l (Aust) Pty Ltd,5072.4 AUD,22 March 2026,3634
INV43842,Graffiti management and pressure cleaning services,calcorp services pty ltd,0.2m,2029-02-03,3668
INV43843,Integrated security services,National Protective Services Pty Ltd (AUS),128610.04,03-Jul-2029, 
INV43844,Street cleaning,Spotlers Facility Services Pty Ltd,60361.82,08/06/2027,3669
INV43845,Building maintenance services,Programmed  Facility  Management  Pty  Ltd,"$44,321.39",28/03/28,3630
INV43846,Tree management maintenance services,Citywide Service ,210048.01,2025-07-29,3678
INV43847,Building maintenance services,PROGRAMMED FACILITY MANAGEMENT PTY LTD,"$194,094.13",26 February 2029,3630
INV43848,Building cleaning services,Menzies International (Aust) Pty Ltd (AUS),14198.3,28/02/28,3634
INV43849,Tree management maintenance services,Citywide Service Solutions Pty Ltd,0.1m,27/03/27,3678
INV43850,Building maintenance services,Programmed Facility Mgmt Pty Ltd,170087.13,02/10/2026,3630
INV43851,Integrated security services,National Protective Services Pty Ltd,"$156,372.99",15 September 2025,3686
INV43852,Integrated security services,National Protectiv,39601.21,08 November 2027,3686
INV43853,Street cleaning,Spotless Facility Services Pty Ltd,106791.32,22/11/2025,3669
INV43854,Graffiti management and pressure cleaning services,Calcorp Services Pty. Ltd.,173026.35,18-Apr-2029,3668
INV43855,Building maintenance services,Programmed Facility Management Pty. Ltd.,0.2m,29/07/04,3630
INV43856,Management of Active Melbourne recreation facilities,Victorian  YMCA  Community  Programming  Pty  Ltd,0.1m,30 December 2028,3615
INV43857,Building maintenance services,Programmed Facility Mgmt Pty Ltd,187151.2 AUD,28/06/02,3630
INV43858,Open spaces management - region 2,SERCO (AUS),36184.76 AUD,2027-03-16,3677
INV43859,Tree management maintenance services,Citywide Service ,180899.38 AUD,25 July 2026,3678
INV43860,Graffiti management and pressure cleaning services,Calcorp Services Pty Ltd,0.0m,27/02/2026,3668
INV43861,Melbourne Town Hall venue management,Showtime Event,167560.31,05-Apr-2027,3670
INV43862,Parking technology services,Reino International Pty ,202305.76 AUD,25 May 2026,3623
INV43863,Open spaces management - region 1,Citywide Service Solutions Pty Ltd,0.0m,29 August 2029,3676
INV43864,Waste management services,Cleanaway Waste Management Limited (AU),7928.32,27/04/20,3556
INV43865,Parking technology services,Reino International Pty Ltd T/A Duncan Solutions,206936.27,04 October 2025,3623
INV43866,Building cleaning services,menzies international (aust) pty ltd,212620.74,24/02/2026,3634
INV43867,Melbourne Town Hall venue management,showtime event group pty ltd,24749.41 AUD,31-May-2029,3670
INV43868,Open spaces management - region 2,SERCO (AUS),209885.34,28/12/09,3677
INV43869,Tree management maintenance services,CitywideServiceSolutionsPtyLtd,232383.57,30/03/2029,3678
INV43870,Graffiti management and pressure cleaning services,Calcorp Services Pty Ltd,144600.46,28/04/16,3668
INV43871,Integrated security services,National Protectiv,221411.62,12-Mar-2028,3686
INV43872,Building cleaning services,Menzies Int’l (Aust) Pty Ltd,231621.48 AUD,25/06/07,3634
INV43873,Melbourne Town Hall venue management,Showtime Event Group Pty. Ltd.,"$30,066.1",07/01/2029,3670
INV43874,Open spaces management - region 2,Serco,146244.22,25/09/06, 
INV43875,Tree management maintenance services,Citywide Service Solutions Pty Ltd,0.0m,26 December 2027,3678
INV43876,Tree management maintenance services,Citywide,"$207,238.2",17-Dec-2025,3678
INV43877,Vehicle tow away and impound services,Nationwide Towing Services,43337.18,30-Oct-2026,3585
INV43878,Waste management services,Cleanaway Waste Mgmt Limited,"$28,282.12",07 September 2029,3556
INV43879,Waste management services,Cleanaway Waste Mgmt Limited,13842.18,17/01/2025,3556
INV43880,Civil infrastructure services,Citywide Servpce Solutions Pty Ltd,186914.79,20-Jan-2027,3665
INV43881,Parking technology services,REINO INTERNATIONAL PTY LTD T/A DUNCAN SOLUTIONS,61579.45,28/11/2025,3623
INV43882,Graffiti management and pressure cleaning services,Calcorp Services Ptp Ltd,0.1m,26/12/22,3668
INV43883,Waste management services,Cleanaway Waste Management Limited,"$248,272.1",15-Sep-2027,3556
INV43884,Building maintenance services,Programmed Facility Management Pty. Ltd.,243618.36 AUD,02/11/2025,3630
INV43885,Melbourne Town Hall venue management,Showtime Event Group Pty Ltd,0.2m,16/08/2029,3670
INV43886,Street cleaning,Spotless Facility kervices Pty Ltd,247294.04,13-Jun-2028,3669
INV43887,Civil infrastructure services,Citywide Service Solutions P/L,24508.35,19/12/2027,3665
INV43888,Integrated security services,cleanaway waste management limited,230647.55 AUD,28/10/2025,3556
INV43889,Street cleaning,Spotless Facility,190872.91,01 September 2025,3669
INV43890,Vehicle tow away and impound services,Nationwide Towing Services,"$45,414.19",20/06/2028,3585
INV43891,Tree management maintenance services,Citywide Service Solutions P/L,0.1m,11/10/2026,3678
INV43892,Building cleaning services,Menzies Intl (Aust) Pty Ltd,114108.88,27/10/14,3634
INV43893,Building cleaning services,Menzies International (Aust) Pty Ltd,"$4,418.09",2028-10-19,3634
INV43894,Management of Active Melbourne recreation facilities,VICTORIAN YMCA COMMUNITY PROGRAMMING PTY LTD,0.2m,15 June 2026,3615
INV43895,Melbourne Town Hall venue management,SHOWTIME EVENT GROUP PTY LTD,115151.28,18/10/2029,3670
INV43896,Tree management maintenance services,Citywide Service Solutions Pty Ltd,0.2m,25/10/22, 
INV43897,Tree management maintenance services,citywide service solutions pty ltd,83044.34,10-Aug-2029,3678
INV43898,Melbourne Town Hall venue management,serco,43805.59,2027-12-04,3677
INV43899,Melbourne Town Hall venue management,Showtime  Event  Group  Pty  Ltd,38050.75,23-May-2027,3670
INV43900,Waste management services,Cleanaway Waste Mgmt Limited,248500.55,26/11/23,3556
INV43901,Building cleaning services,Menzies Intl (Aust) Pty Ltd,165412.2 AUD,2026-02-27,3634
INV43902,Open spaces management - region 2,SERCO,"$134,251.39",29/05/31,3677
INV43903,Civil infrastructure services,citywide service solutions pty ltd,241677.86 AUD,04 December 2025,3665
INV43904,Melbourne Town Hall venue management,Showtime svent Group Pty Ltd,46294.25 AUD,27/05/08,3670
INV43905,Integrated security services,NationalProtectiveServicesPtyLtd,0.1m,12/10/2027,3686
INV43906,Building maintenance services,Programmed Facility Management Pty Ltd (AUS),173135.06,05/12/2027, 
INV43907,Building cleaning services,Menzies International (Aust) Pty Ltd,159397.38 AUD,14/02/2029,3634
INV43908,Open spaces management - region 2,SERCO,93638.41,01/11/2028,3677
INV43909,Parking technology services,Reino International Pty Ltd T/A Duncan Solutions (AUS),0.1m,27-Oct-2025,3623
INV43910,Street cleaning,Spotless Facility Services Pty. Ltd.,237805.16 AUD,01/05/2025,3669
INV43911,Parking technology services,Reino,120959.84,29/09/16, 
INV43912,Tree management maintenance services,Citywide Servicr Solutions Pty Ltd,34161.87,09 July 2028,3678
INV43913,Parking technology services,Reino International Pty Ltd T/A Duncan Solutions (AU),"$100,564.44",02/02/2025,3623
INV43914,Open spaces management - region 2,SERCO,229042.49,01/03/2026,3677
INV43915,Vehicle tow away and impound services,Nationwide Towing Services,"$114,006.26",2026-02-05,3585
INV43916,Building cleaning services,serco,104345.81,17/04/2025,3677
INV43917,Waste management services,Cleanaway Waste Management Limited (AU),"$161,180.12",19-Mar-2026,3556
INV43918,Open spaces management - region 2,Serco,10635.73,30-May-2025,3677
INV43919,Management of Active Melbourne recreation facilities,VICTORIAN YMCA COMMUNITY PROGRAMMING PTY LTD,181408.85,2029-05-02,3615
INV43920,Open spaces management - region 2,SERCO,208770.69 AUD,23/05/2025,3677
INV43921,Open spaces management - region 1,Citywide Service Solutions Pty Ltd,152915.56,28 September 2027, 
INV43922,Open spaces management - region 2,SERCm,168754.04,14-Jun-2025,3677
INV43923,Vehicle tow away and impound services,Nationwide To,123092.54,2026-03-25,3585
INV43924,Street cleaning,Spotless Facility,133824.71,07-Jul-2027,3669
INV43925,Civil infrastructure services,Citywide Service Solutions Pty Ltd (AU),141817.39,24-Apr-2026,3665
INV43926,Open spaces management - region 1,Citywide Sehvice Solutions Pty Ltd,105633.73 AUD,23-Mar-2027, 
INV43927,Tree management maintenance services,Citywide,"$166,235.67",11/08/2028,3678
INV43928,Management of Active Melbourne recreation facilities,Victorian YMCA Community Programming Pty Ltd (AU),"$243,649.33",09-Nov-2026,3615
INV43929,Building cleaning services,Menzies Intl (Aust) Pty Ltd,"$44,558.3",25/03/25,3634
INV43930,Building maintenance services,Citywide Service Solutions PtyxLtd,"$97,778.7",28/10/29,3665
INV43931,Open spaces management - region 1,Citywide Service Solutions Pty Ltd,"$210,332.46",2027-04-18,3676
INV43932,Graffiti management and pressure cleaning services,Calcorp Servicws Pty Ltd,"$50,133.09",02-Jun-2028,3668
INV43933,Street cleaning,Spotless Facility Services Pty Ltd,0.1m,27/12/24,3669
INV43934,Graffiti management and pressure cleaning services,Calcorp Services Pty. Ltd.,107822.56,26/05/02,3668
INV43935,Building cleaning services,Menzies International (Aust) Pty Ltd,210743.53,23/11/2029,3634
INV43936,Tree management maintenance services,Citywide,0.1m,28/02/05,3678
INV43937,Open spaces management - region 1,Citywide Service Solutions PtylLtd,23778.81,29/11/07,3676
INV43938,Civil infrastructure services,Citywide Service Solutions Pty Ltd,21829.02 AUD,29/11/30,3665
INV43939,Tree management maintenance services,CITYWIDE SERVICE SOLUTIONS PTY LTD,47066.96,04/06/2025,3678
INV43940,Civil infrastructure services,Citywide Service Solutions Pty Ltd (AUS),"$177,365.61",29-Jun-2025,3665
INV43941,Building maintenance services,Programmed Facility Management P/L,50959.05,19/03/2027,3630
INV43942,Building cleaning services,Menzies,213747.31,19-Jul-2027,3634
INV43943,Building maintenance services,Programmed Facility Management Pty Ltd,0.1m,17 September 2028,3630
INV43944,Street cleaning,Spotless Facility Services Pty. Ltd.,221361.85,2026-07-02,3669
INV43945,Street cleaning,Spotless Facility Services Pty Ltd,0.0m,31/12/2029,3669
INV43946,Open spaces management - region 1,Citywide,0.0m,2027-02-26,3676
INV43947,Melbourne Town Hall venue management,Showtime  Event  Group  Pty  Ltd,"$39,806.74",2027-01-26,3670
INV43948,Building cleaning services,Menzies Internatio,209491.05,28/11/2026,3634
INV43949,Melbourne Town Hall venue management,Showtime Event Group P/L,0.1m,23/05/2029,3670
INV43950,Civil infrastructure services,Citywide Service Solutions P/L,,28/08/18,3665
INV43951,Open spaces management - region 1,Citywide Service Solutions Pty. Ltd.,"$81,318.47",22-Mar-2025,3676
INV43952,Integrated security services,National Protective Services Pty Ltd (AUS),33846.55,29/05/10,3686
INV43953,Building cleaning services,Meizies International (Aust) Pty Ltd,234810.07 AUD,2029-03-08,3634
INV43954,Building cleaning services,Menzies Internltional (Aust) Pty Ltd,0.0m,18 December 2028,3634
INV43955,Building maintenance services,Programmed Facility Management Pty Ltd,0.0m,23/07/2028,3630
INV43956,Civil infrastructure services,citywide service solutions pty ltd,"$173,095.55",02/03/2028,3665
INV43957,Street cleaning,Spotless,"$9,830.54",19/08/2026,3669
INV43958,Vehicle tow away and impound services,Nationwide  Towing  Services,85761.21 AUD,13-Jun-2025,3585
INV43959,Street cleaning,Spotless Facility Services P/L,0.1m,11/04/2028,3669
INV43960,Vehicle tow away and impound services,CITYWIDE SERVICE SOLUTIONS PTY LTD,238032.41 AUD,20 October 2027,3678
INV43961,Parking technology services,Reino International Pty Ltd T/A Duncan Solutions (AUS),185924.96 AUD,13-Apr-2025,3623
INV43962,Graffiti management and pressure cleaning services,CALCORP SERVICES PTY LTD,"$202,158.05",2028-03-16,3668
INV43963,Parking technology services,Reino Intl Pty Ltd T/A Duncan Solutions,4768.05,2025-08-08, 
INV43964,Tree management maintenance services,Citywide Service Solutions Pty Ltd (AU),7349.88,25/11/02,3678
INV43965,Management of Active Melbourne recreation facilities,Victorian YMCA Community Programming Pty Ltd (AUS),"$146,611.75",20/05/2027,3615
INV43966,Tree management maintenance services,Reino International Pty Ltd T/A Duncan Solutions (AUS),0.2m,2028-12-03,3623
INV43967,Building cleaning services,Menzies International (Aust) Pty Ltd,52608.14 AUD,28-Oct-2027,3634
INV43968,Integrated security services,NationalProtectiveServicesPtyLtd,83902.46 AUD,29/01/01,3686
INV43969,Waste management services,Cleanaway Waste Management Limited (AU),203176.2,27-Dec-2025,3556
INV43970,Waste management services,Cleanaway Wacte Management Limited,0.1m,30/12/2026,3556
INV43971,Waste management services,Cleanaway Waste Management Limited,204105.85 AUD,01/01/2029,3556
INV43972,Vehicle tow away and impound services,Nationwide Towing Services (AU),"$57,435.3",2025-05-01,3585
INV43973,Melbourne Town Hall venue management,Showtime Event,96789.01,24-Jun-2025,3670
INV43974,Integrated security services,Showtime Event Group Pty Ltd (AUS),25336.05,,3670
INV43975,Management of Active Melbourne recreation facilities,Victorian YMCA Community Programming Pty Ltd,0.1m,29/03/2029,3615
INV43976,Parking technology services,Reino International Pty Ltd T/A Duncan Solutions,,24/01/2028,3623
INV43977,Vehicle tow away and impound services,Nationwide Towing Services,91934.1,13/05/2025,3585
INV43978,Street cleaning,Spotless Facility Services Pty Ltd,124863.23,25/02/19,3669
INV43979,Tree management maintenance services,Citywide,20549.93 AUD,17/06/2028,3678
INV43980,Open spaces management - region 2,SERfO,228105.33 AUD,31 October 2027,3677
INV43981,Integrated security services,NATIONAL PROTECTIVE SERVICES PTY LTD,158805.95,26/09/18,3686
INV43982,Melbourne Town Hall venue management,Showtime Event,"$192,914.51",29/10/10,3670
INV43983,Open spaces management - region 1,Citywide  Service  Solutions  Pty  Ltd,177438.96 AUD,20-Jun-2029,3676
INV43984,Waste management services,Cleanaway Waste Mgmt Limited,0.0m,06 July 2027,3556
INV43985,Open spaces management - region 2,SERCO,206498.33 AUD,25/12/2025,3677
INV43986,Civil infrastructure services,Citywide Service Solutions Pty Ltd,238270.73 AUD,17 February 2027,3665
INV43987,Open spaces management - region 1,citywide service solutions pty ltd,0.1m,2028-10-25,3676
INV43988,Tree management maintenance services,Cittwide Service Solutions Pty Ltd,137704.58 AUD,30/11/2027,3678
INV43989,Graffiti management and pressure cleaning services,Calcorp Services Pty Ltd (AU),174317.78,2028-03-30,3668
INV43990,Open spaces management - region 2,SERCO (AUS),44611.43 AUD,24/09/2029,3677
INV43991,Street cleaning,Spotless Facility,49175.81,,3669
INV43992,Integrated security services,NATIONAL PROTECTIVE SERVICES PTY LTD,84702.85 AUD,27/09/12,3686
INV43993,Civil infrastructure services,Citywide Service Solutions Pty Ltd (AU),35270.05 AUD,27/05/28,3665
INV43994,Open spaces management - region 2,SERCO,4430.76,12/02/2029,3677
INV43995,Graffiti management and pressure cleaning services,Calcorp  Services  Pty  Ltd,40711.23 AUD,25/12/12,3668
INV43996,Civil infrastructure services,CitywideServiceSolutionsPtyLtd,214209.16,29 December 2027,3665
INV43997,Melbourne Town Hall venue management,Showtime Event Group Pty. Ltd.,0.2m,2026-10-08, 
INV43998,Civil infrastructure services,Citywide Service Solutions Pty Ltd (AU),192431.71,20/04/2026,3665
INV43999,Melbourne Town Hall venue management,Showtime Event,0.0m,26/09/09,3670
INV44000,Graffiti management and pressure cleaning services,Calcorp Services Pty Ltd,"$155,377.4",06/08/2026,3668
