Provider_Clean,ContractTitle_Clean,ContractNumber_Clean,Year,AnnualSpend,RiskScore,DataQualityRisk,ContractRisk,FinancialRisk,ComplianceFlag
Calcorp Services Pty Ltd,Building cleaning services, ,2027.0,35739.82,239.0,229.0,10.0,0.0,ContractMismatch
Calcorp Services Pty Ltd,Building cleaning services, ,2028.0,114507.0,273.0,263.0,10.0,0.0,ContractMismatch
Calcorp Services Pty Ltd,Building maintenance services, ,2025.0,338585.02,255.25,245.25,10.0,0.0,ContractMismatch
Calcorp Services Pty Ltd,Building maintenance services, ,2027.0,258293.98,239.0,229.0,10.0,0.0,ContractMismatch
Calcorp Services Pty Ltd,Building maintenance services, ,2029.0,585925.94,242.33333333333334,232.33333333333334,10.0,0.0,ContractMismatch
Calcorp Services Pty Ltd,Civil infrastructure services, ,2026.0,80657.86,243.0,233.0,10.0,0.0,ContractMismatch
Calcorp Services Pty Ltd,Civil infrastructure services, ,2027.0,175583.22,249.0,239.0,10.0,0.0,ContractMismatch
Calcorp Services Pty Ltd,Civil infrastructure services, ,2028.0,169436.5,215.0,205.0,10.0,0.0,ContractMismatch
Calcorp Services Pty Ltd,Civil infrastructure services, ,2029.0,150891.86,239.0,229.0,10.0,0.0,ContractMismatch
Calcorp Services Pty Ltd,Graffiti management and pressure cleaning services, ,2025.0,26255430.44,165.75355450236967,155.38862559241707,10.0,0.36492890995260663,ContractMismatch
Calcorp Services Pty Ltd,Graffiti management and pressure cleaning services, ,2026.0,27011839.96,162.9596412556054,152.6457399103139,10.0,0.31390134529147984,ContractMismatch
Calcorp Services Pty Ltd,Graffiti management and pressure cleaning services, ,2027.0,29259895.26,162.02564102564102,151.9059829059829,10.0,0.11965811965811966,ContractMismatch
Calcorp Services Pty Ltd,Graffiti management and pressure cleaning services, ,2028.0,26741271.28,166.55399061032864,156.15962441314554,10.0,0.39436619718309857,ContractMismatch
Calcorp Services Pty Ltd,Graffiti management and pressure cleaning services, ,2029.0,28445261.74,164.8755364806867,154.60515021459227,10.0,0.2703862660944206,ContractMismatch
Calcorp Services Pty Ltd,Graffiti management and pressure cleaning services,3668,2025.0,539842580.3,157.38403648802736,157.09828962371722,0.0,0.28574686431014823,OverUpper
Calcorp Services Pty Ltd,Graffiti management and pressure cleaning services,3668,2026.0,532312093.53,156.86446548141308,156.5622258138998,0.0,0.30223966751327636,OverUpper
Calcorp Services Pty Ltd,Graffiti management and pressure cleaning services,3668,2027.0,550202304.15,156.49876154019364,156.2402612024319,0.0,0.25850033776176534,OverUpper
Calcorp Services Pty Ltd,Graffiti management and pressure cleaning services,3668,2028.0,546349895.58,156.51456745853878,156.21492604213358,0.0,0.2996414164051995,OverUpper
Calcorp Services Pty Ltd,Graffiti management and pressure cleaning services,3668,2029.0,541171069.31,169.15835042150832,156.43631806789702,12.45727956254272,0.2647527910685805,OverUpper
Calcorp Services Pty Ltd,Graffiti management and pressure cleaning services,3668,2030.0,1866173.53,173.52941176470588,158.11764705882354,15.0,0.4117647058823529,UnderLower
Calcorp Services Pty Ltd,Graffiti management and pressure cleaning services,3669,2025.0,1027992.25,208.4,198.4,10.0,0.0,ContractMismatch
Calcorp Services Pty Ltd,Graffiti management and pressure cleaning services,3669,2026.0,1327664.81,213.0909090909091,203.0909090909091,10.0,0.0,ContractMismatch
Calcorp Services Pty Ltd,Graffiti management and pressure cleaning services,3669,2027.0,1656318.3,193.84615384615384,183.84615384615384,10.0,0.0,ContractMismatch
Calcorp Services Pty Ltd,Graffiti management and pressure cleaning services,3669,2028.0,1080479.43,205.875,195.0,10.0,0.875,ContractMismatch
Calcorp Services Pty Ltd,Graffiti management and pressure cleaning services,3669,2029.0,893821.0700000001,206.1,195.4,10.0,0.7,ContractMismatch
Calcorp Services Pty Ltd,Integrated security services, ,2026.0,258372.45,257.0,247.0,10.0,0.0,ContractMismatch
Calcorp Services Pty Ltd,Integrated security services, ,2027.0,642543.28,267.0,257.0,10.0,0.0,ContractMismatch
Calcorp Services Pty Ltd,Integrated security services, ,2028.0,187446.7,273.0,263.0,10.0,0.0,ContractMismatch
Calcorp Services Pty Ltd,Management of Active Melbourne recreation facilities, ,2025.0,174324.93,239.0,229.0,10.0,0.0,ContractMismatch
Calcorp Services Pty Ltd,Management of Active Melbourne recreation facilities, ,2028.0,224067.05,241.0,231.0,10.0,0.0,ContractMismatch
Calcorp Services Pty Ltd,Melbourne Town Hall venue management, ,2026.0,100000.0,273.0,263.0,10.0,0.0,ContractMismatch
Calcorp Services Pty Ltd,Melbourne Town Hall venue management, ,2027.0,150912.8,249.0,239.0,10.0,0.0,ContractMismatch
Calcorp Services Pty Ltd,Melbourne Town Hall venue management, ,2029.0,100000.0,273.0,263.0,10.0,0.0,ContractMismatch
Calcorp Services Pty Ltd,Open spaces management - region 1, ,2025.0,151787.89,243.0,233.0,10.0,0.0,ContractMismatch
Calcorp Services Pty Ltd,Open spaces management - region 1, ,2026.0,167273.18,249.0,239.0,10.0,0.0,ContractMismatch
Calcorp Services Pty Ltd,Open spaces management - region 1, ,2027.0,181074.26,256.0,246.0,10.0,0.0,ContractMismatch
Calcorp Services Pty Ltd,Open spaces management - region 2, ,2025.0,185311.53,256.0,246.0,10.0,0.0,ContractMismatch
Calcorp Services Pty Ltd,Open spaces management - region 2, ,2027.0,338329.5,229.0,219.0,10.0,0.0,ContractMismatch
Calcorp Services Pty Ltd,Open spaces management - region 2, ,2028.0,175865.51,243.66666666666666,233.66666666666666,10.0,0.0,ContractMismatch
Calcorp Services Pty Ltd,Open spaces management - region 2, ,2029.0,213555.4,239.0,229.0,10.0,0.0,ContractMismatch
Calcorp Services Pty Ltd,Parking technology services, ,2025.0,247313.04,243.0,233.0,10.0,0.0,ContractMismatch
Calcorp Services Pty Ltd,Parking technology services, ,2026.0,273240.01,229.0,219.0,10.0,0.0,ContractMismatch
Calcorp Services Pty Ltd,Parking technology services, ,2028.0,216754.78,239.0,229.0,10.0,0.0,ContractMismatch
Calcorp Services Pty Ltd,Parking technology services, ,2029.0,200000.0,249.5,236.0,10.0,3.5,ContractMismatch
Calcorp Services Pty Ltd,Street cleaning, ,2025.0,200000.0,273.0,263.0,10.0,0.0,ContractMismatch
Calcorp Services Pty Ltd,Street cleaning, ,2026.0,106569.64,239.0,229.0,10.0,0.0,ContractMismatch
Calcorp Services Pty Ltd,Street cleaning, ,2027.0,504611.39999999997,271.6,261.6,10.0,0.0,ContractMismatch
Calcorp Services Pty Ltd,Street cleaning, ,2029.0,121014.77,239.0,229.0,10.0,0.0,ContractMismatch
Calcorp Services Pty Ltd,Tree management maintenance services, ,2026.0,197441.84999999998,273.0,263.0,10.0,0.0,ContractMismatch
Calcorp Services Pty Ltd,Tree management maintenance services, ,2028.0,50103.82,249.0,239.0,10.0,0.0,ContractMismatch
Calcorp Services Pty Ltd,Vehicle tow away and impound services, ,2025.0,22241.43,273.0,263.0,10.0,0.0,ContractMismatch
Calcorp Services Pty Ltd,Vehicle tow away and impound services, ,2026.0,296851.16000000003,264.5,254.5,10.0,0.0,ContractMismatch
Calcorp Services Pty Ltd,Vehicle tow away and impound services, ,2027.0,427189.6,229.0,219.0,10.0,0.0,ContractMismatch
Calcorp Services Pty Ltd,Vehicle tow away and impound services, ,2028.0,200000.0,273.0,263.0,10.0,0.0,ContractMismatch
Calcorp Services Pty Ltd,Waste management services, ,2025.0,125782.37,239.0,229.0,10.0,0.0,ContractMismatch
Calcorp Services Pty Ltd,Waste management services, ,2026.0,0.0,226.0,209.0,10.0,7.0,ContractMismatch
Calcorp Services Pty Ltd,Waste management services, ,2027.0,0.0,280.0,263.0,10.0,7.0,ContractMismatch
Citywide Service Solutions Pty Ltd,Building cleaning services, ,2026.0,213461.46,209.0,199.0,10.0,0.0,ContractMismatch
Citywide Service Solutions Pty Ltd,Building cleaning services, ,2027.0,552163.4299999999,261.0,251.0,10.0,0.0,ContractMismatch
Citywide Service Solutions Pty Ltd,Building cleaning services, ,2028.0,437995.63,253.66666666666666,243.66666666666666,10.0,0.0,ContractMismatch
Citywide Service Solutions Pty Ltd,Building cleaning services, ,2029.0,445202.92,253.66666666666666,243.66666666666666,10.0,0.0,ContractMismatch
Citywide Service Solutions Pty Ltd,Building maintenance services, ,2025.0,235199.96,226.5,216.5,10.0,0.0,ContractMismatch
Citywide Service Solutions Pty Ltd,Building maintenance services, ,2028.0,165682.16999999998,250.33333333333334,240.33333333333334,10.0,0.0,ContractMismatch
Citywide Service Solutions Pty Ltd,Building maintenance services, ,2029.0,97252.96,209.0,199.0,10.0,0.0,ContractMismatch
Citywide Service Solutions Pty Ltd,Civil infrastructure services, ,2025.0,27834268.99,165.72558139534883,155.3674418604651,10.0,0.3581395348837209,ContractMismatch
Citywide Service Solutions Pty Ltd,Civil infrastructure services, ,2026.0,24768526.5,166.65258215962442,156.19248826291079,10.0,0.460093896713615,ContractMismatch
Citywide Service Solutions Pty Ltd,Civil infrastructure services, ,2027.0,27056850.42,164.22907488986783,153.92070484581498,10.0,0.30837004405286345,ContractMismatch
Citywide Service Solutions Pty Ltd,Civil infrastructure services, ,2028.0,27225001.6,164.6846846846847,154.4954954954955,10.0,0.1891891891891892,ContractMismatch
Citywide Service Solutions Pty Ltd,Civil infrastructure services, ,2029.0,25977363.49,164.49056603773585,154.3254716981132,10.0,0.1650943396226415,ContractMismatch
Citywide Service Solutions Pty Ltd,Civil infrastructure services,3665,2025.0,536770367.53,156.79926923955242,156.49874400548072,0.0,0.3005252340717059,OverUpper
Citywide Service Solutions Pty Ltd,Civil infrastructure services,3665,2026.0,541851305.71,156.66879271070616,156.41526195899772,0.0,0.25353075170842826,OverUpper
Citywide Service Solutions Pty Ltd,Civil infrastructure services,3665,2027.0,540475508.77,156.2748375116063,156.00673166202415,0.0,0.2681058495821727,OverUpper
Citywide Service Solutions Pty Ltd,Civil infrastructure services,3665,2028.0,524548414.42,165.2166550684296,156.13755509162607,8.794943168638367,0.28415680816515887,OverUpper
Citywide Service Solutions Pty Ltd,Civil infrastructure services,3665,2029.0,529950728.53,171.85714285714286,156.57538389948814,15.0,0.28175895765472314,OverUpper
Citywide Service Solutions Pty Ltd,Civil infrastructure services,3665,2030.0,1009579.19,171.25,156.25,15.0,0.0,UnderLower
Citywide Service Solutions Pty Ltd,Civil infrastructure services,3676,2025.0,2464654.17,166.42105263157896,156.05263157894737,10.0,0.3684210526315789,ContractMismatch
Citywide Service Solutions Pty Ltd,Civil infrastructure services,3676,2026.0,1472736.81,166.07692307692307,155.53846153846155,10.0,0.5384615384615384,ContractMismatch
Citywide Service Solutions Pty Ltd,Civil infrastructure services,3676,2027.0,2064676.32,161.77777777777777,151.0,10.0,0.7777777777777778,ContractMismatch
Citywide Service Solutions Pty Ltd,Civil infrastructure services,3676,2028.0,1168988.85,161.3,151.3,10.0,0.0,ContractMismatch
Citywide Service Solutions Pty Ltd,Civil infrastructure services,3676,2029.0,1101351.27,166.0,156.0,10.0,0.0,ContractMismatch
Citywide Service Solutions Pty Ltd,Civil infrastructure services,3678,2025.0,1996798.9,167.77777777777777,157.77777777777777,10.0,0.0,ContractMismatch
Citywide Service Solutions Pty Ltd,Civil infrastructure services,3678,2026.0,2091585.54,165.7058823529412,155.2941176470588,10.0,0.4117647058823529,ContractMismatch
Citywide Service Solutions Pty Ltd,Civil infrastructure services,3678,2027.0,1655579.72,162.88235294117646,152.88235294117646,10.0,0.0,ContractMismatch
Citywide Service Solutions Pty Ltd,Civil infrastructure services,3678,2028.0,3585934.08,166.0,156.0,10.0,0.0,ContractMismatch
Citywide Service Solutions Pty Ltd,Civil infrastructure services,3678,2029.0,1403791.53,161.11111111111111,151.11111111111111,10.0,0.0,ContractMismatch
Citywide Service Solutions Pty Ltd,Graffiti management and pressure cleaning services, ,2025.0,396274.52999999997,251.66666666666666,241.66666666666666,10.0,0.0,ContractMismatch
Citywide Service Solutions Pty Ltd,Graffiti management and pressure cleaning services, ,2026.0,96794.04,209.0,199.0,10.0,0.0,ContractMismatch
Citywide Service Solutions Pty Ltd,Graffiti management and pressure cleaning services, ,2027.0,332572.2,258.0,248.0,10.0,0.0,ContractMismatch
Citywide Service Solutions Pty Ltd,Graffiti management and pressure cleaning services, ,2029.0,445670.82999999996,273.0,263.0,10.0,0.0,ContractMismatch
Citywide Service Solutions Pty Ltd,Integrated security services, ,2025.0,418206.31,261.0,251.0,10.0,0.0,ContractMismatch
Citywide Service Solutions Pty Ltd,Integrated security services, ,2026.0,297787.99,214.0,204.0,10.0,0.0,ContractMismatch
Citywide Service Solutions Pty Ltd,Integrated security services, ,2027.0,41649.66,256.0,246.0,10.0,0.0,ContractMismatch
Citywide Service Solutions Pty Ltd,Integrated security services, ,2028.0,270922.0,252.75,241.0,10.0,1.75,ContractMismatch
Citywide Service Solutions Pty Ltd,Integrated security services, ,2029.0,286935.39,274.75,263.0,10.0,1.75,ContractMismatch
Citywide Service Solutions Pty Ltd,Management of Active Melbourne recreation facilities, ,2025.0,45108.22,273.0,263.0,10.0,0.0,ContractMismatch
Citywide Service Solutions Pty Ltd,Management of Active Melbourne recreation facilities, ,2026.0,105184.39,189.0,179.0,10.0,0.0,ContractMismatch
Citywide Service Solutions Pty Ltd,Management of Active Melbourne recreation facilities, ,2027.0,423894.58,256.8,245.4,10.0,1.4,ContractMismatch
Citywide Service Solutions Pty Ltd,Management of Active Melbourne recreation facilities, ,2028.0,95677.02,273.0,263.0,10.0,0.0,ContractMismatch
Citywide Service Solutions Pty Ltd,Management of Active Melbourne recreation facilities, ,2029.0,283769.02,253.66666666666666,243.66666666666666,10.0,0.0,ContractMismatch
Citywide Service Solutions Pty Ltd,Melbourne Town Hall venue management, ,2025.0,130856.7,241.0,231.0,10.0,0.0,ContractMismatch
Citywide Service Solutions Pty Ltd,Melbourne Town Hall venue management, ,2026.0,366318.43,235.66666666666666,225.66666666666666,10.0,0.0,ContractMismatch
Citywide Service Solutions Pty Ltd,Melbourne Town Hall venue management, ,2027.0,698974.13,258.5,248.5,10.0,0.0,ContractMismatch
Citywide Service Solutions Pty Ltd,Melbourne Town Hall venue management, ,2028.0,270950.42,246.0,233.66666666666666,10.0,2.3333333333333335,ContractMismatch
Citywide Service Solutions Pty Ltd,Melbourne Town Hall venue management, ,2029.0,325229.74,253.66666666666666,243.66666666666666,10.0,0.0,ContractMismatch
Citywide Service Solutions Pty Ltd,Open spaces management - region 1, ,2025.0,26386804.24,166.58715596330276,156.13761467889907,10.0,0.44954128440366975,ContractMismatch
Citywide Service Solutions Pty Ltd,Open spaces management - region 1, ,2026.0,28776573.38,165.6137339055794,155.37339055793993,10.0,0.24034334763948498,ContractMismatch
Citywide Service Solutions Pty Ltd,Open spaces management - region 1, ,2027.0,24181646.43,161.33163265306123,151.1887755102041,10.0,0.14285714285714285,ContractMismatch
Citywide Service Solutions Pty Ltd,Open spaces management - region 1, ,2028.0,29630998.63,163.54771784232366,153.31535269709545,10.0,0.23236514522821577,ContractMismatch
Citywide Service Solutions Pty Ltd,Open spaces management - region 1, ,2029.0,29804017.53,163.948,153.78,10.0,0.168,ContractMismatch
Citywide Service Solutions Pty Ltd,Open spaces management - region 1,3665,2025.0,2707780.28,161.68421052631578,151.68421052631578,10.0,0.0,ContractMismatch
Citywide Service Solutions Pty Ltd,Open spaces management - region 1,3665,2026.0,878569.45,171.125,161.125,10.0,0.0,ContractMismatch
Citywide Service Solutions Pty Ltd,Open spaces management - region 1,3665,2027.0,1826955.91,163.3846153846154,153.3846153846154,10.0,0.0,ContractMismatch
Citywide Service Solutions Pty Ltd,Open spaces management - region 1,3665,2028.0,2338816.66,160.8235294117647,150.8235294117647,10.0,0.0,ContractMismatch
Citywide Service Solutions Pty Ltd,Open spaces management - region 1,3665,2029.0,3003209.74,161.65217391304347,151.34782608695653,10.0,0.30434782608695654,ContractMismatch
Citywide Service Solutions Pty Ltd,Open spaces management - region 1,3665,2030.0,200000.0,188.0,178.0,10.0,0.0,ContractMismatch
Citywide Service Solutions Pty Ltd,Open spaces management - region 1,3676,2025.0,538266436.96,156.39322799097064,156.12144469525958,0.0,0.27178329571106097,OverUpper
Citywide Service Solutions Pty Ltd,Open spaces management - region 1,3676,2026.0,534258087.81,156.64944229455952,156.37218301843842,0.0,0.27725927612110174,OverUpper
Citywide Service Solutions Pty Ltd,Open spaces management - region 1,3676,2027.0,551463627.55,156.08933333333334,155.81555555555556,0.0,0.2737777777777778,OverUpper
Citywide Service Solutions Pty Ltd,Open spaces management - region 1,3676,2028.0,538002024.2,156.8172681589767,156.55413430790315,0.013704888076747372,0.2494289629968022,OverUpper
Citywide Service Solutions Pty Ltd,Open spaces management - region 1,3676,2029.0,553765432.65,169.17527593818986,156.31147902869756,12.571743929359823,0.29205298013245035,OverUpper
Citywide Service Solutions Pty Ltd,Open spaces management - region 1,3676,2030.0,2308280.55,171.2,156.2,15.0,0.0,UnderLower
Citywide Service Solutions Pty Ltd,Open spaces management - region 1,3678,2025.0,2247479.48,165.15,154.8,10.0,0.35,ContractMismatch
Citywide Service Solutions Pty Ltd,Open spaces management - region 1,3678,2026.0,2243437.89,164.3684210526316,154.0,10.0,0.3684210526315789,ContractMismatch
Citywide Service Solutions Pty Ltd,Open spaces management - region 1,3678,2027.0,2005106.34,158.72222222222223,148.33333333333334,10.0,0.3888888888888889,ContractMismatch
Citywide Service Solutions Pty Ltd,Open spaces management - region 1,3678,2028.0,2283613.15,158.11764705882354,148.11764705882354,10.0,0.0,ContractMismatch
Citywide Service Solutions Pty Ltd,Open spaces management - region 1,3678,2029.0,2233819.99,159.46666666666667,149.46666666666667,10.0,0.0,ContractMismatch
Citywide Service Solutions Pty Ltd,Open spaces management - region 2, ,2025.0,312491.91000000003,232.0,222.0,10.0,0.0,ContractMismatch
Citywide Service Solutions Pty Ltd,Open spaces management - region 2, ,2026.0,556576.84,248.6,238.6,10.0,0.0,ContractMismatch
Citywide Service Solutions Pty Ltd,Open spaces management - region 2, ,2027.0,238026.62,244.0,234.0,10.0,0.0,ContractMismatch
Citywide Service Solutions Pty Ltd,Open spaces management - region 2, ,2028.0,163054.23,273.0,263.0,10.0,0.0,ContractMismatch
Citywide Service Solutions Pty Ltd,Open spaces management - region 2, ,2029.0,146968.24,212.0,202.0,10.0,0.0,ContractMismatch
Citywide Service Solutions Pty Ltd,Parking technology services, ,2025.0,727417.62,264.85714285714283,253.85714285714286,10.0,1.0,ContractMismatch
Citywide Service Solutions Pty Ltd,Parking technology services, ,2028.0,653674.0800000001,234.0,224.0,10.0,0.0,ContractMismatch
Citywide Service Solutions Pty Ltd,Parking technology services, ,2029.0,99425.26,239.0,229.0,10.0,0.0,ContractMismatch
Citywide Service Solutions Pty Ltd,Street cleaning, ,2025.0,65797.38,239.0,229.0,10.0,0.0,ContractMismatch
Citywide Service Solutions Pty Ltd,Street cleaning, ,2026.0,325456.6,241.0,231.0,10.0,0.0,ContractMismatch
Citywide Service Solutions Pty Ltd,Street cleaning, ,2027.0,300000.0,258.0,248.0,10.0,0.0,ContractMismatch
Citywide Service Solutions Pty Ltd,Street cleaning, ,2028.0,291442.49,244.0,234.0,10.0,0.0,ContractMismatch
Citywide Service Solutions Pty Ltd,Street cleaning, ,2029.0,468125.11,249.8,239.8,10.0,0.0,ContractMismatch
Citywide Service Solutions Pty Ltd,Tree management maintenance services, ,2025.0,29863703.91,164.398406374502,154.14741035856574,10.0,0.250996015936255,ContractMismatch
Citywide Service Solutions Pty Ltd,Tree management maintenance services, ,2026.0,29577571.3,163.64347826086956,153.3695652173913,10.0,0.27391304347826084,ContractMismatch
Citywide Service Solutions Pty Ltd,Tree management maintenance services, ,2027.0,27691985.92,164.152466367713,153.8071748878924,10.0,0.3452914798206278,ContractMismatch
Citywide Service Solutions Pty Ltd,Tree management maintenance services, ,2028.0,29564425.009999998,164.58723404255318,154.34893617021277,10.0,0.23829787234042554,ContractMismatch
Citywide Service Solutions Pty Ltd,Tree management maintenance services, ,2029.0,28327430.17,167.87826086956522,157.51304347826087,10.0,0.3652173913043478,ContractMismatch
Citywide Service Solutions Pty Ltd,Tree management maintenance services,3665,2025.0,1525282.99,171.15384615384616,161.15384615384616,10.0,0.0,ContractMismatch
Citywide Service Solutions Pty Ltd,Tree management maintenance services,3665,2026.0,2766674.55,161.95238095238096,151.61904761904762,10.0,0.3333333333333333,ContractMismatch
Citywide Service Solutions Pty Ltd,Tree management maintenance services,3665,2027.0,1714524.3499999999,165.125,154.25,10.0,0.875,ContractMismatch
Citywide Service Solutions Pty Ltd,Tree management maintenance services,3665,2028.0,2578533.94,167.55,157.2,10.0,0.35,ContractMismatch
Citywide Service Solutions Pty Ltd,Tree management maintenance services,3665,2029.0,1644482.06,160.15384615384616,150.15384615384616,10.0,0.0,ContractMismatch
Citywide Service Solutions Pty Ltd,Tree management maintenance services,3665,2030.0,215422.28,158.0,148.0,10.0,0.0,ContractMismatch
Citywide Service Solutions Pty Ltd,Tree management maintenance services,3676,2025.0,2253924.32,171.2,161.2,10.0,0.0,ContractMismatch
Citywide Service Solutions Pty Ltd,Tree management maintenance services,3676,2026.0,1919351.2,175.0,165.0,10.0,0.0,ContractMismatch
Citywide Service Solutions Pty Ltd,Tree management maintenance services,3676,2027.0,1753291.08,175.0,164.58823529411765,10.0,0.4117647058823529,ContractMismatch
Citywide Service Solutions Pty Ltd,Tree management maintenance services,3676,2028.0,1753501.32,165.0,155.0,10.0,0.0,ContractMismatch
Citywide Service Solutions Pty Ltd,Tree management maintenance services,3676,2029.0,1621753.71,171.26666666666668,159.86666666666667,10.0,1.4,ContractMismatch
Citywide Service Solutions Pty Ltd,Tree management maintenance services,3678,2025.0,550146582.4,157.44884563150748,157.1731552738796,0.0,0.2756903576278859,OverUpper
Citywide Service Solutions Pty Ltd,Tree management maintenance services,3678,2026.0,548766626.54,156.68391825855176,156.3931585961795,0.0,0.29075966237227896,OverUpper
Citywide Service Solutions Pty Ltd,Tree management maintenance services,3678,2027.0,542441674.45,156.67304230423042,156.37533753375337,0.0,0.2977047704770477,OverUpper
Citywide Service Solutions Pty Ltd,Tree management maintenance services,3678,2028.0,541608780.3,156.3407120036513,156.04130534002738,0.010269283432222729,0.28913738019169327,OverUpper
Citywide Service Solutions Pty Ltd,Tree management maintenance services,3678,2029.0,527876878.78,169.7809195402299,156.87195402298852,12.632183908045977,0.2767816091954023,OverUpper
Citywide Service Solutions Pty Ltd,Tree management maintenance services,3678,2030.0,1943872.22,158.0,143.0,15.0,0.0,UnderLower
Citywide Service Solutions Pty Ltd,Vehicle tow away and impound services, ,2025.0,226107.68,273.0,263.0,10.0,0.0,ContractMismatch
Citywide Service Solutions Pty Ltd,Vehicle tow away and impound services, ,2026.0,198786.44,232.5,219.0,10.0,3.5,ContractMismatch
Citywide Service Solutions Pty Ltd,Vehicle tow away and impound services, ,2027.0,128656.6,243.0,233.0,10.0,0.0,ContractMismatch
Citywide Service Solutions Pty Ltd,Vehicle tow away and impound services, ,2028.0,233736.47,244.0,234.0,10.0,0.0,ContractMismatch
Citywide Service Solutions Pty Ltd,Vehicle tow away and impound services, ,2029.0,422098.04000000004,240.33333333333334,230.33333333333334,10.0,0.0,ContractMismatch
Citywide Service Solutions Pty Ltd,Waste management services, ,2025.0,119802.72,239.0,229.0,10.0,0.0,ContractMismatch
Citywide Service Solutions Pty Ltd,Waste management services, ,2026.0,276223.99,273.0,263.0,10.0,0.0,ContractMismatch
Citywide Service Solutions Pty Ltd,Waste management services, ,2027.0,602111.8400000001,244.25,232.5,10.0,1.75,ContractMismatch
Citywide Service Solutions Pty Ltd,Waste management services, ,2029.0,286863.36,256.0,246.0,10.0,0.0,ContractMismatch
Cleanaway Waste Management Limited,Building cleaning services, ,2027.0,531150.01,242.33333333333334,232.33333333333334,10.0,0.0,ContractMismatch
Cleanaway Waste Management Limited,Building cleaning services, ,2029.0,0.0,280.0,263.0,10.0,7.0,ContractMismatch
Cleanaway Waste Management Limited,Building maintenance services, ,2026.0,100000.0,264.5,251.0,10.0,3.5,ContractMismatch
Cleanaway Waste Management Limited,Building maintenance services, ,2028.0,50252.77,215.0,205.0,10.0,0.0,ContractMismatch
Cleanaway Waste Management Limited,Building maintenance services, ,2029.0,308929.15,241.0,231.0,10.0,0.0,ContractMismatch
Cleanaway Waste Management Limited,Civil infrastructure services, ,2026.0,200000.0,273.0,263.0,10.0,0.0,ContractMismatch
Cleanaway Waste Management Limited,Civil infrastructure services, ,2029.0,233921.79,239.0,229.0,10.0,0.0,ContractMismatch
Cleanaway Waste Management Limited,Graffiti management and pressure cleaning services, ,2025.0,228607.11,256.0,243.66666666666666,10.0,2.3333333333333335,ContractMismatch
Cleanaway Waste Management Limited,Graffiti management and pressure cleaning services, ,2029.0,43961.31,273.0,263.0,10.0,0.0,ContractMismatch
Cleanaway Waste Management Limited,Integrated security services, ,2026.0,274701.02,241.0,231.0,10.0,0.0,ContractMismatch
Cleanaway Waste Management Limited,Integrated security services, ,2028.0,139052.79,249.0,239.0,10.0,0.0,ContractMismatch
Cleanaway Waste Management Limited,Integrated security services, ,2029.0,388159.74,242.33333333333334,232.33333333333334,10.0,0.0,ContractMismatch
Cleanaway Waste Management Limited,Management of Active Melbourne recreation facilities, ,2027.0,472566.73,241.0,231.0,10.0,0.0,ContractMismatch
Cleanaway Waste Management Limited,Management of Active Melbourne recreation facilities, ,2028.0,341872.19,256.0,246.0,10.0,0.0,ContractMismatch
Cleanaway Waste Management Limited,Management of Active Melbourne recreation facilities, ,2029.0,89384.65,273.0,263.0,10.0,0.0,ContractMismatch
Cleanaway Waste Management Limited,Melbourne Town Hall venue management, ,2025.0,236662.4,215.0,205.0,10.0,0.0,ContractMismatch
Cleanaway Waste Management Limited,Melbourne Town Hall venue management, ,2026.0,37074.34,215.0,205.0,10.0,0.0,ContractMismatch
Cleanaway Waste Management Limited,Melbourne Town Hall venue management, ,2027.0,159428.4,249.33333333333334,237.0,10.0,2.3333333333333335,ContractMismatch
Cleanaway Waste Management Limited,Melbourne Town Hall venue management, ,2028.0,38265.13,215.0,205.0,10.0,0.0,ContractMismatch
Cleanaway Waste Management Limited,Open spaces management - region 1, ,2025.0,120287.35,243.0,233.0,10.0,0.0,ContractMismatch
Cleanaway Waste Management Limited,Open spaces management - region 1, ,2026.0,312695.97,256.0,246.0,10.0,0.0,ContractMismatch
Cleanaway Waste Management Limited,Open spaces management - region 1, ,2027.0,100000.0,273.0,263.0,10.0,0.0,ContractMismatch
Cleanaway Waste Management Limited,Open spaces management - region 1, ,2028.0,97068.9,239.0,229.0,10.0,0.0,ContractMismatch
Cleanaway Waste Management Limited,Open spaces management - region 2, ,2025.0,226630.1,273.0,263.0,10.0,0.0,ContractMismatch
Cleanaway Waste Management Limited,Open spaces management - region 2, ,2026.0,222178.45,243.0,233.0,10.0,0.0,ContractMismatch
Cleanaway Waste Management Limited,Open spaces management - region 2, ,2029.0,229159.23,209.0,199.0,10.0,0.0,ContractMismatch
Cleanaway Waste Management Limited,Street cleaning, ,2026.0,230267.33,189.0,179.0,10.0,0.0,ContractMismatch
Cleanaway Waste Management Limited,Street cleaning, ,2028.0,100000.0,243.0,233.0,10.0,0.0,ContractMismatch
Cleanaway Waste Management Limited,Tree management maintenance services, ,2025.0,200000.0,243.0,233.0,10.0,0.0,ContractMismatch
Cleanaway Waste Management Limited,Tree management maintenance services, ,2026.0,102380.82,209.0,199.0,10.0,0.0,ContractMismatch
Cleanaway Waste Management Limited,Tree management maintenance services, ,2027.0,223268.02,273.0,263.0,10.0,0.0,ContractMismatch
Cleanaway Waste Management Limited,Tree management maintenance services, ,2029.0,100000.0,273.0,263.0,10.0,0.0,ContractMismatch
Cleanaway Waste Management Limited,Vehicle tow away and impound services, ,2026.0,151207.89,273.0,263.0,10.0,0.0,ContractMismatch
Cleanaway Waste Management Limited,Vehicle tow away and impound services, ,2027.0,93554.27,273.0,263.0,10.0,0.0,ContractMismatch
Cleanaway Waste Management Limited,Vehicle tow away and impound services, ,2029.0,28106.55,273.0,263.0,10.0,0.0,ContractMismatch
Cleanaway Waste Management Limited,Waste management services, ,2025.0,29663528.92,169.1008064516129,158.73387096774192,10.0,0.36693548387096775,ContractMismatch
Cleanaway Waste Management Limited,Waste management services, ,2026.0,25965597.67,166.1504854368932,155.94660194174756,10.0,0.20388349514563106,ContractMismatch
Cleanaway Waste Management Limited,Waste management services, ,2027.0,30336432.61,166.75409836065575,156.61065573770492,10.0,0.14344262295081966,ContractMismatch
Cleanaway Waste Management Limited,Waste management services, ,2028.0,25583899.36,165.64018691588785,155.31308411214954,10.0,0.32710280373831774,ContractMismatch
Cleanaway Waste Management Limited,Waste management services, ,2029.0,31184162.98,165.53225806451613,155.27822580645162,10.0,0.2540322580645161,ContractMismatch
Cleanaway Waste Management Limited,Waste management services, ,2030.0,0.0,195.0,178.0,10.0,7.0,ContractMismatch
Cleanaway Waste Management Limited,Waste management services,3556,2025.0,561763167.55,157.42913907284768,157.17262693156732,0.0,0.2565121412803532,WithinBounds
Cleanaway Waste Management Limited,Waste management services,3556,2026.0,529606157.29,169.39902619986088,156.6941803848829,12.40783677254811,0.2970090424298632,WithinBounds
Cleanaway Waste Management Limited,Waste management services,3556,2027.0,545044926.11,172.04214123006832,156.74396355353076,15.0,0.2981776765375854,WithinBounds
Cleanaway Waste Management Limited,Waste management services,3556,2028.0,537826014.15,171.80067950169877,156.53907134767837,15.0,0.26160815402038506,WithinBounds
Cleanaway Waste Management Limited,Waste management services,3556,2029.0,540198729.01,172.3047191011236,157.01685393258427,15.0,0.28786516853932587,WithinBounds
Cleanaway Waste Management Limited,Waste management services,3556,2030.0,234576.62,162.5,147.5,15.0,0.0,UnderLower
Menzies International (Aust) Pty Ltd,Building cleaning services, ,2025.0,27713220.12,167.15,156.89545454545456,10.0,0.2545454545454545,ContractMismatch
Menzies International (Aust) Pty Ltd,Building cleaning services, ,2026.0,28034719.18,168.69294605809128,158.46058091286307,10.0,0.23236514522821577,ContractMismatch
Menzies International (Aust) Pty Ltd,Building cleaning services, ,2027.0,32270489.63,164.15748031496062,153.82677165354332,10.0,0.33070866141732286,ContractMismatch
Menzies International (Aust) Pty Ltd,Building cleaning services, ,2028.0,26941543.47,164.79746835443038,154.35443037974684,10.0,0.4430379746835443,ContractMismatch
Menzies International (Aust) Pty Ltd,Building cleaning services, ,2029.0,26124506.46,165.55656108597285,155.2714932126697,10.0,0.2850678733031674,ContractMismatch
Menzies International (Aust) Pty Ltd,Building cleaning services, ,2030.0,0.0,195.0,178.0,10.0,7.0,ContractMismatch
Menzies International (Aust) Pty Ltd,Building cleaning services,3634,2025.0,535299175.44,156.7905265578294,156.49436652103932,0.0,0.2961600367900667,OverUpper
Menzies International (Aust) Pty Ltd,Building cleaning services,3634,2026.0,552895424.46,166.35936794582392,157.26794582392776,8.799097065462753,0.29232505643340856,OverUpper
Menzies International (Aust) Pty Ltd,Building cleaning services,3634,2027.0,521331653.99,172.96421003060985,157.67082646574053,15.0,0.29338356486931955,OverUpper
Menzies International (Aust) Pty Ltd,Building cleaning services,3634,2028.0,547864038.21,172.594735647833,157.33900612661674,15.0,0.25572952121624687,OverUpper
Menzies International (Aust) Pty Ltd,Building cleaning services,3634,2029.0,540360255.73,172.3978395771087,157.11146862790164,15.0,0.28637094920707884,OverUpper
Menzies International (Aust) Pty Ltd,Building cleaning services,3634,2030.0,1087132.45,172.1,156.4,15.0,0.7,UnderLower
Menzies International (Aust) Pty Ltd,Building maintenance services, ,2025.0,200000.0,273.0,263.0,10.0,0.0,ContractMismatch
Menzies International (Aust) Pty Ltd,Building maintenance services, ,2026.0,167489.3,258.0,248.0,10.0,0.0,ContractMismatch
Menzies International (Aust) Pty Ltd,Building maintenance services, ,2028.0,106683.8,239.0,229.0,10.0,0.0,ContractMismatch
Menzies International (Aust) Pty Ltd,Civil infrastructure services, ,2026.0,83612.13,262.0,252.0,10.0,0.0,ContractMismatch
Menzies International (Aust) Pty Ltd,Graffiti management and pressure cleaning services, ,2025.0,307688.56,273.0,263.0,10.0,0.0,ContractMismatch
Menzies International (Aust) Pty Ltd,Graffiti management and pressure cleaning services, ,2026.0,72904.20000000001,260.6666666666667,250.66666666666666,10.0,0.0,ContractMismatch
Menzies International (Aust) Pty Ltd,Graffiti management and pressure cleaning services, ,2028.0,175944.16,189.0,179.0,10.0,0.0,ContractMismatch
Menzies International (Aust) Pty Ltd,Graffiti management and pressure cleaning services, ,2029.0,81621.38,243.0,233.0,10.0,0.0,ContractMismatch
Menzies International (Aust) Pty Ltd,Integrated security services, ,2025.0,208715.01,258.0,248.0,10.0,0.0,ContractMismatch
Menzies International (Aust) Pty Ltd,Integrated security services, ,2026.0,34342.69,273.0,263.0,10.0,0.0,ContractMismatch
Menzies International (Aust) Pty Ltd,Integrated security services, ,2027.0,203424.53,244.0,234.0,10.0,0.0,ContractMismatch
Menzies International (Aust) Pty Ltd,Integrated security services, ,2028.0,12627.91,273.0,263.0,10.0,0.0,ContractMismatch
Menzies International (Aust) Pty Ltd,Management of Active Melbourne recreation facilities, ,2025.0,236548.46,273.0,263.0,10.0,0.0,ContractMismatch
Menzies International (Aust) Pty Ltd,Management of Active Melbourne recreation facilities, ,2026.0,79402.81,215.0,205.0,10.0,0.0,ContractMismatch
Menzies International (Aust) Pty Ltd,Management of Active Melbourne recreation facilities, ,2027.0,100000.0,273.0,263.0,10.0,0.0,ContractMismatch
Menzies International (Aust) Pty Ltd,Management of Active Melbourne recreation facilities, ,2028.0,11785.59,273.0,263.0,10.0,0.0,ContractMismatch
Menzies International (Aust) Pty Ltd,Melbourne Town Hall venue management, ,2027.0,116098.42,273.0,263.0,10.0,0.0,ContractMismatch
Menzies International (Aust) Pty Ltd,Melbourne Town Hall venue management, ,2029.0,249580.23,241.0,231.0,10.0,0.0,ContractMismatch
Menzies International (Aust) Pty Ltd,Open spaces management - region 1, ,2026.0,643577.2,261.6666666666667,251.66666666666666,10.0,0.0,ContractMismatch
Menzies International (Aust) Pty Ltd,Open spaces management - region 1, ,2028.0,225627.99,273.0,263.0,10.0,0.0,ContractMismatch
Menzies International (Aust) Pty Ltd,Open spaces management - region 1, ,2029.0,200000.0,273.0,263.0,10.0,0.0,ContractMismatch
Menzies International (Aust) Pty Ltd,Open spaces management - region 2, ,2025.0,200000.0,273.0,263.0,10.0,0.0,ContractMismatch
Menzies International (Aust) Pty Ltd,Open spaces management - region 2, ,2028.0,302855.67,226.0,216.0,10.0,0.0,ContractMismatch
Menzies International (Aust) Pty Ltd,Parking technology services, ,2025.0,0.0,280.0,263.0,10.0,7.0,ContractMismatch
Menzies International (Aust) Pty Ltd,Parking technology services, ,2029.0,233453.01,239.0,229.0,10.0,0.0,ContractMismatch
Menzies International (Aust) Pty Ltd,Street cleaning, ,2026.0,100000.0,273.0,263.0,10.0,0.0,ContractMismatch
Menzies International (Aust) Pty Ltd,Street cleaning, ,2028.0,200000.0,249.0,239.0,10.0,0.0,ContractMismatch
Menzies International (Aust) Pty Ltd,Street cleaning, ,2029.0,224763.52,239.0,229.0,10.0,0.0,ContractMismatch
Menzies International (Aust) Pty Ltd,Tree management maintenance services, ,2025.0,143564.01,273.0,263.0,10.0,0.0,ContractMismatch
Menzies International (Aust) Pty Ltd,Tree management maintenance services, ,2026.0,100000.0,273.0,263.0,10.0,0.0,ContractMismatch
Menzies International (Aust) Pty Ltd,Vehicle tow away and impound services, ,2025.0,193616.64,273.0,263.0,10.0,0.0,ContractMismatch
Menzies International (Aust) Pty Ltd,Waste management services, ,2027.0,0.0,256.0,239.0,10.0,7.0,ContractMismatch
Menzies International (Aust) Pty Ltd,Waste management services, ,2028.0,63455.78,249.0,239.0,10.0,0.0,ContractMismatch
Menzies International (Aust) Pty Ltd,Waste management services, ,2029.0,259883.08,256.0,246.0,10.0,0.0,ContractMismatch
National Protective Services Pty Ltd,Building cleaning services, ,2026.0,100000.0,273.0,263.0,10.0,0.0,ContractMismatch
National Protective Services Pty Ltd,Building maintenance services, ,2025.0,200000.0,258.0,248.0,10.0,0.0,ContractMismatch
National Protective Services Pty Ltd,Building maintenance services, ,2028.0,215067.77000000002,261.0,251.0,10.0,0.0,ContractMismatch
National Protective Services Pty Ltd,Building maintenance services, ,2029.0,100000.0,273.0,263.0,10.0,0.0,ContractMismatch
National Protective Services Pty Ltd,Civil infrastructure services, ,2025.0,394851.95999999996,253.66666666666666,243.66666666666666,10.0,0.0,ContractMismatch
National Protective Services Pty Ltd,Civil infrastructure services, ,2026.0,214751.97,242.33333333333334,232.33333333333334,10.0,0.0,ContractMismatch
National Protective Services Pty Ltd,Civil infrastructure services, ,2027.0,237549.61,273.0,263.0,10.0,0.0,ContractMismatch
National Protective Services Pty Ltd,Civil infrastructure services, ,2028.0,353346.18,223.66666666666666,213.66666666666666,10.0,0.0,ContractMismatch
National Protective Services Pty Ltd,Civil infrastructure services, ,2029.0,200000.0,249.0,239.0,10.0,0.0,ContractMismatch
National Protective Services Pty Ltd,Graffiti management and pressure cleaning services, ,2025.0,0.0,280.0,263.0,10.0,7.0,ContractMismatch
National Protective Services Pty Ltd,Graffiti management and pressure cleaning services, ,2029.0,85138.34,273.0,263.0,10.0,0.0,ContractMismatch
National Protective Services Pty Ltd,Integrated security services, ,2025.0,28643435.68,167.60434782608695,157.2391304347826,10.0,0.3652173913043478,ContractMismatch
National Protective Services Pty Ltd,Integrated security services, ,2026.0,29978091.11,167.81858407079645,157.47787610619469,10.0,0.3407079646017699,ContractMismatch
National Protective Services Pty Ltd,Integrated security services, ,2027.0,24014939.34,164.0204081632653,153.80612244897958,10.0,0.21428571428571427,ContractMismatch
National Protective Services Pty Ltd,Integrated security services, ,2028.0,26754110.88,163.89954337899545,153.70776255707761,10.0,0.1917808219178082,ContractMismatch
National Protective Services Pty Ltd,Integrated security services, ,2029.0,28165007.39,164.39269406392694,154.23287671232876,10.0,0.1598173515981735,ContractMismatch
National Protective Services Pty Ltd,Integrated security services, ,2030.0,15047.84,188.0,178.0,10.0,0.0,ContractMismatch
National Protective Services Pty Ltd,Integrated security services,3686,2025.0,548254476.79,156.42946011997333,156.1510775383248,0.0,0.27838258164852253,OverUpper
National Protective Services Pty Ltd,Integrated security services,3686,2026.0,541727941.83,156.40958408679927,156.13901446654612,0.0,0.27056962025316456,OverUpper
National Protective Services Pty Ltd,Integrated security services,3686,2027.0,532473308.6,157.52770083102493,157.21260387811634,0.0,0.31509695290858725,OverUpper
National Protective Services Pty Ltd,Integrated security services,3686,2028.0,553544602.49,167.7639322336157,156.6081141328578,10.882746321890325,0.27307177886758804,OverUpper
National Protective Services Pty Ltd,Integrated security services,3686,2029.0,543598558.24,172.25182315405652,156.9439380127621,15.0,0.3078851412944394,OverUpper
National Protective Services Pty Ltd,Integrated security services,3686,2030.0,2343505.88,178.06666666666666,163.06666666666666,15.0,0.0,WithinBounds
National Protective Services Pty Ltd,Management of Active Melbourne recreation facilities, ,2026.0,230017.34,273.0,263.0,10.0,0.0,ContractMismatch
National Protective Services Pty Ltd,Melbourne Town Hall venue management, ,2026.0,406439.65,223.66666666666666,213.66666666666666,10.0,0.0,ContractMismatch
National Protective Services Pty Ltd,Melbourne Town Hall venue management, ,2027.0,388967.53,265.0,255.0,10.0,0.0,ContractMismatch
National Protective Services Pty Ltd,Melbourne Town Hall venue management, ,2029.0,137973.03,273.0,263.0,10.0,0.0,ContractMismatch
National Protective Services Pty Ltd,Open spaces management - region 1, ,2026.0,281182.0,241.0,231.0,10.0,0.0,ContractMismatch
National Protective Services Pty Ltd,Open spaces management - region 1, ,2027.0,238890.15,249.0,239.0,10.0,0.0,ContractMismatch
National Protective Services Pty Ltd,Open spaces management - region 2, ,2025.0,61409.82,273.0,263.0,10.0,0.0,ContractMismatch
National Protective Services Pty Ltd,Open spaces management - region 2, ,2026.0,504929.72,253.0,243.0,10.0,0.0,ContractMismatch
National Protective Services Pty Ltd,Open spaces management - region 2, ,2028.0,291395.24,246.0,236.0,10.0,0.0,ContractMismatch
National Protective Services Pty Ltd,Parking technology services, ,2026.0,160893.29,273.0,263.0,10.0,0.0,ContractMismatch
National Protective Services Pty Ltd,Parking technology services, ,2027.0,222556.01,273.0,263.0,10.0,0.0,ContractMismatch
National Protective Services Pty Ltd,Parking technology services, ,2029.0,56322.23,209.0,199.0,10.0,0.0,ContractMismatch
National Protective Services Pty Ltd,Street cleaning, ,2027.0,149740.35,209.0,199.0,10.0,0.0,ContractMismatch
National Protective Services Pty Ltd,Street cleaning, ,2028.0,0.0,280.0,263.0,10.0,7.0,ContractMismatch
National Protective Services Pty Ltd,Tree management maintenance services, ,2029.0,334773.28,243.0,233.0,10.0,0.0,ContractMismatch
National Protective Services Pty Ltd,Vehicle tow away and impound services, ,2025.0,346279.8,256.0,246.0,10.0,0.0,ContractMismatch
National Protective Services Pty Ltd,Vehicle tow away and impound services, ,2026.0,128054.09,273.0,263.0,10.0,0.0,ContractMismatch
National Protective Services Pty Ltd,Vehicle tow away and impound services, ,2028.0,201077.31,258.0,248.0,10.0,0.0,ContractMismatch
National Protective Services Pty Ltd,Vehicle tow away and impound services, ,2029.0,200000.0,249.0,239.0,10.0,0.0,ContractMismatch
National Protective Services Pty Ltd,Waste management services, ,2025.0,0.0,280.0,263.0,10.0,7.0,ContractMismatch
National Protective Services Pty Ltd,Waste management services, ,2029.0,140553.81,241.0,231.0,10.0,0.0,ContractMismatch
Nationwide Towing Services,Building cleaning services, ,2026.0,162047.58,239.0,229.0,10.0,0.0,ContractMismatch
Nationwide Towing Services,Building maintenance services, ,2025.0,73789.9,273.0,263.0,10.0,0.0,ContractMismatch
Nationwide Towing Services,Building maintenance services, ,2026.0,404249.93000000005,214.0,204.0,10.0,0.0,ContractMismatch
Nationwide Towing Services,Building maintenance services, ,2027.0,224877.19,241.0,231.0,10.0,0.0,ContractMismatch
Nationwide Towing Services,Building maintenance services, ,2029.0,322460.11,256.0,246.0,10.0,0.0,ContractMismatch
Nationwide Towing Services,Civil infrastructure services, ,2025.0,143288.63,273.0,263.0,10.0,0.0,ContractMismatch
Nationwide Towing Services,Civil infrastructure services, ,2027.0,100000.0,273.0,263.0,10.0,0.0,ContractMismatch
Nationwide Towing Services,Integrated security services, ,2026.0,116775.8,239.0,229.0,10.0,0.0,ContractMismatch
Nationwide Towing Services,Integrated security services, ,2028.0,41614.78,239.0,229.0,10.0,0.0,ContractMismatch
Nationwide Towing Services,Management of Active Melbourne recreation facilities, ,2026.0,222900.1,273.0,263.0,10.0,0.0,ContractMismatch
Nationwide Towing Services,Management of Active Melbourne recreation facilities, ,2027.0,176435.94,273.0,263.0,10.0,0.0,ContractMismatch
Nationwide Towing Services,Management of Active Melbourne recreation facilities, ,2028.0,123276.53,239.0,229.0,10.0,0.0,ContractMismatch
Nationwide Towing Services,Melbourne Town Hall venue management, ,2027.0,320026.77,244.0,234.0,10.0,0.0,ContractMismatch
Nationwide Towing Services,Melbourne Town Hall venue management, ,2028.0,130009.62,239.0,229.0,10.0,0.0,ContractMismatch
Nationwide Towing Services,Open spaces management - region 1, ,2026.0,125700.82,273.0,263.0,10.0,0.0,ContractMismatch
Nationwide Towing Services,Open spaces management - region 1, ,2029.0,102688.27,241.0,231.0,10.0,0.0,ContractMismatch
Nationwide Towing Services,Open spaces management - region 2, ,2025.0,83882.23,215.0,205.0,10.0,0.0,ContractMismatch
Nationwide Towing Services,Open spaces management - region 2, ,2026.0,114369.64,239.0,229.0,10.0,0.0,ContractMismatch
Nationwide Towing Services,Open spaces management - region 2, ,2028.0,100000.0,243.0,233.0,10.0,0.0,ContractMismatch
Nationwide Towing Services,Open spaces management - region 2, ,2029.0,163953.38,189.0,179.0,10.0,0.0,ContractMismatch
Nationwide Towing Services,Parking technology services, ,2026.0,201772.78,189.0,179.0,10.0,0.0,ContractMismatch
Nationwide Towing Services,Street cleaning, ,2026.0,9125.27,273.0,263.0,10.0,0.0,ContractMismatch
Nationwide Towing Services,Street cleaning, ,2027.0,226127.83,273.0,263.0,10.0,0.0,ContractMismatch
Nationwide Towing Services,Street cleaning, ,2028.0,140037.64,239.0,229.0,10.0,0.0,ContractMismatch
Nationwide Towing Services,Tree management maintenance services, ,2025.0,249295.66000000003,232.33333333333334,222.33333333333334,10.0,0.0,ContractMismatch
Nationwide Towing Services,Tree management maintenance services, ,2026.0,153915.62,239.0,229.0,10.0,0.0,ContractMismatch
Nationwide Towing Services,Tree management maintenance services, ,2028.0,435036.37,256.0,246.0,10.0,0.0,ContractMismatch
Nationwide Towing Services,Tree management maintenance services, ,2029.0,317600.81,246.0,236.0,10.0,0.0,ContractMismatch
Nationwide Towing Services,Vehicle tow away and impound services, ,2025.0,26828479.89,163.73423423423424,153.54504504504504,10.0,0.1891891891891892,ContractMismatch
Nationwide Towing Services,Vehicle tow away and impound services, ,2026.0,26105088.63,163.28571428571428,153.03571428571428,10.0,0.25,ContractMismatch
Nationwide Towing Services,Vehicle tow away and impound services, ,2027.0,26610877.63,165.57777777777778,155.20444444444445,10.0,0.37333333333333335,ContractMismatch
Nationwide Towing Services,Vehicle tow away and impound services, ,2028.0,24890669.4,162.06965174129354,151.82587064676616,10.0,0.24378109452736318,ContractMismatch
Nationwide Towing Services,Vehicle tow away and impound services, ,2029.0,26655292.63,162.9219512195122,152.81951219512194,10.0,0.1024390243902439,ContractMismatch
Nationwide Towing Services,Vehicle tow away and impound services, ,2030.0,32473.44,158.0,148.0,10.0,0.0,ContractMismatch
Nationwide Towing Services,Vehicle tow away and impound services,3585,2025.0,548470151.34,155.87926391382405,155.59492818671455,0.0,0.28433572710951527,OverUpper
Nationwide Towing Services,Vehicle tow away and impound services,3585,2026.0,523556914.74,159.576462459696,156.36250575771533,2.9157070474435742,0.2982496545370797,OverUpper
Nationwide Towing Services,Vehicle tow away and impound services,3585,2027.0,540907813.07,171.5379184695969,156.24937371897062,15.0,0.28854475062628104,OverUpper
Nationwide Towing Services,Vehicle tow away and impound services,3585,2028.0,557738546.47,171.79920739762218,156.51717305151917,15.0,0.2820343461030383,OverUpper
Nationwide Towing Services,Vehicle tow away and impound services,3585,2029.0,529132459.22,171.04495434324514,155.79747131819246,15.0,0.24748302505268088,OverUpper
Nationwide Towing Services,Vehicle tow away and impound services,3585,2030.0,1608660.2,177.76923076923077,162.76923076923077,15.0,0.0,WithinBounds
Nationwide Towing Services,Waste management services, ,2025.0,209978.06,273.0,263.0,10.0,0.0,ContractMismatch
Nationwide Towing Services,Waste management services, ,2026.0,0.0,256.0,239.0,10.0,7.0,ContractMismatch
Nationwide Towing Services,Waste management services, ,2027.0,146907.74,273.0,263.0,10.0,0.0,ContractMismatch
Nationwide Towing Services,Waste management services, ,2028.0,14578.6,209.0,199.0,10.0,0.0,ContractMismatch
Programmed Facility Management Pty Ltd,Building cleaning services, ,2025.0,241386.79,215.0,205.0,10.0,0.0,ContractMismatch
Programmed Facility Management Pty Ltd,Building cleaning services, ,2026.0,469970.04,263.0,253.0,10.0,0.0,ContractMismatch
Programmed Facility Management Pty Ltd,Building cleaning services, ,2027.0,225389.69,273.0,263.0,10.0,0.0,ContractMismatch
Programmed Facility Management Pty Ltd,Building cleaning services, ,2029.0,94855.47,247.5,234.0,10.0,3.5,ContractMismatch
Programmed Facility Management Pty Ltd,Building maintenance services, ,2025.0,28661484.25,162.1845493562232,151.91416309012877,10.0,0.2703862660944206,ContractMismatch
Programmed Facility Management Pty Ltd,Building maintenance services, ,2026.0,26881821.48,166.52857142857144,156.22857142857143,10.0,0.3,ContractMismatch
Programmed Facility Management Pty Ltd,Building maintenance services, ,2027.0,23888553.419999998,168.32,158.005,10.0,0.315,ContractMismatch
Programmed Facility Management Pty Ltd,Building maintenance services, ,2028.0,26229219.18,162.8743961352657,152.7391304347826,10.0,0.13526570048309178,ContractMismatch
Programmed Facility Management Pty Ltd,Building maintenance services, ,2029.0,27625660.76,168.1834862385321,157.95871559633028,10.0,0.22477064220183487,ContractMismatch
Programmed Facility Management Pty Ltd,Building maintenance services,3630,2025.0,545850462.51,157.2325581395349,156.97177692481372,0.0,0.260781214721156,OverUpper
Programmed Facility Management Pty Ltd,Building maintenance services,3630,2026.0,540443413.63,161.74838112858464,156.53098982423683,4.942183163737281,0.27520814061054577,OverUpper
Programmed Facility Management Pty Ltd,Building maintenance services,3630,2027.0,553730316.19,172.4513732552904,157.19923457901845,15.0,0.2521386762719496,OverUpper
Programmed Facility Management Pty Ltd,Building maintenance services,3630,2028.0,552536829.93,172.32746478873239,157.05633802816902,15.0,0.2711267605633803,OverUpper
Programmed Facility Management Pty Ltd,Building maintenance services,3630,2029.0,550287879.76,172.61753522701855,157.34980988593156,15.0,0.26772534108700513,OverUpper
Programmed Facility Management Pty Ltd,Building maintenance services,3630,2030.0,838839.26,185.08333333333334,169.5,15.0,0.5833333333333334,UnderLower
Programmed Facility Management Pty Ltd,Civil infrastructure services, ,2025.0,136470.17,273.0,263.0,10.0,0.0,ContractMismatch
Programmed Facility Management Pty Ltd,Civil infrastructure services, ,2026.0,343600.07999999996,241.0,231.0,10.0,0.0,ContractMismatch
Programmed Facility Management Pty Ltd,Civil infrastructure services, ,2027.0,272475.89,241.0,231.0,10.0,0.0,ContractMismatch
Programmed Facility Management Pty Ltd,Civil infrastructure services, ,2028.0,174012.01,239.0,229.0,10.0,0.0,ContractMismatch
Programmed Facility Management Pty Ltd,Civil infrastructure services, ,2029.0,1018358.92,242.0,232.0,10.0,0.0,ContractMismatch
Programmed Facility Management Pty Ltd,Graffiti management and pressure cleaning services, ,2025.0,465919.5,227.0,217.0,10.0,0.0,ContractMismatch
Programmed Facility Management Pty Ltd,Graffiti management and pressure cleaning services, ,2029.0,12359.06,243.0,233.0,10.0,0.0,ContractMismatch
Programmed Facility Management Pty Ltd,Integrated security services, ,2026.0,304569.45999999996,273.0,263.0,10.0,0.0,ContractMismatch
Programmed Facility Management Pty Ltd,Integrated security services, ,2027.0,435945.75,229.0,219.0,10.0,0.0,ContractMismatch
Programmed Facility Management Pty Ltd,Integrated security services, ,2028.0,212896.54,249.0,239.0,10.0,0.0,ContractMismatch
Programmed Facility Management Pty Ltd,Integrated security services, ,2029.0,170220.53,273.0,263.0,10.0,0.0,ContractMismatch
Programmed Facility Management Pty Ltd,Management of Active Melbourne recreation facilities, ,2025.0,218348.26,227.0,217.0,10.0,0.0,ContractMismatch
Programmed Facility Management Pty Ltd,Management of Active Melbourne recreation facilities, ,2027.0,197680.38,273.0,263.0,10.0,0.0,ContractMismatch
Programmed Facility Management Pty Ltd,Management of Active Melbourne recreation facilities, ,2028.0,200000.0,243.0,233.0,10.0,0.0,ContractMismatch
Programmed Facility Management Pty Ltd,Management of Active Melbourne recreation facilities, ,2029.0,226157.62,246.0,236.0,10.0,0.0,ContractMismatch
Programmed Facility Management Pty Ltd,Melbourne Town Hall venue management, ,2025.0,148612.6,273.0,263.0,10.0,0.0,ContractMismatch
Programmed Facility Management Pty Ltd,Melbourne Town Hall venue management, ,2027.0,384259.82,243.66666666666666,233.66666666666666,10.0,0.0,ContractMismatch
Programmed Facility Management Pty Ltd,Melbourne Town Hall venue management, ,2029.0,174808.57,209.0,199.0,10.0,0.0,ContractMismatch
Programmed Facility Management Pty Ltd,Open spaces management - region 1, ,2026.0,227788.45,273.0,263.0,10.0,0.0,ContractMismatch
Programmed Facility Management Pty Ltd,Open spaces management - region 1, ,2027.0,108793.23,215.0,205.0,10.0,0.0,ContractMismatch
Programmed Facility Management Pty Ltd,Open spaces management - region 1, ,2029.0,179408.59999999998,273.0,263.0,10.0,0.0,ContractMismatch
Programmed Facility Management Pty Ltd,Open spaces management - region 2, ,2025.0,209805.41,209.0,199.0,10.0,0.0,ContractMismatch
Programmed Facility Management Pty Ltd,Open spaces management - region 2, ,2026.0,167354.37,239.0,229.0,10.0,0.0,ContractMismatch
Programmed Facility Management Pty Ltd,Open spaces management - region 2, ,2027.0,342449.76,234.0,224.0,10.0,0.0,ContractMismatch
Programmed Facility Management Pty Ltd,Open spaces management - region 2, ,2028.0,69256.63,244.5,231.0,10.0,3.5,ContractMismatch
Programmed Facility Management Pty Ltd,Open spaces management - region 2, ,2029.0,0.0,280.0,263.0,10.0,7.0,ContractMismatch
Programmed Facility Management Pty Ltd,Parking technology services, ,2025.0,130435.09,243.0,233.0,10.0,0.0,ContractMismatch
Programmed Facility Management Pty Ltd,Parking technology services, ,2029.0,10374.52,273.0,263.0,10.0,0.0,ContractMismatch
Programmed Facility Management Pty Ltd,Street cleaning, ,2027.0,223881.74,273.0,263.0,10.0,0.0,ContractMismatch
Programmed Facility Management Pty Ltd,Street cleaning, ,2029.0,7466.61,243.0,233.0,10.0,0.0,ContractMismatch
Programmed Facility Management Pty Ltd,Tree management maintenance services, ,2025.0,62658.99,239.0,229.0,10.0,0.0,ContractMismatch
Programmed Facility Management Pty Ltd,Tree management maintenance services, ,2027.0,239767.96,273.0,263.0,10.0,0.0,ContractMismatch
Programmed Facility Management Pty Ltd,Tree management maintenance services, ,2028.0,4642.74,249.0,239.0,10.0,0.0,ContractMismatch
Programmed Facility Management Pty Ltd,Tree management maintenance services, ,2029.0,144589.16999999998,256.0,246.0,10.0,0.0,ContractMismatch
Programmed Facility Management Pty Ltd,Vehicle tow away and impound services, ,2025.0,196760.11,215.0,205.0,10.0,0.0,ContractMismatch
Programmed Facility Management Pty Ltd,Vehicle tow away and impound services, ,2027.0,169781.75,239.0,229.0,10.0,0.0,ContractMismatch
Programmed Facility Management Pty Ltd,Vehicle tow away and impound services, ,2029.0,343504.38,249.0,239.0,10.0,0.0,ContractMismatch
Programmed Facility Management Pty Ltd,Waste management services, ,2025.0,100000.0,273.0,263.0,10.0,0.0,ContractMismatch
Programmed Facility Management Pty Ltd,Waste management services, ,2026.0,57411.54,273.0,263.0,10.0,0.0,ContractMismatch
Programmed Facility Management Pty Ltd,Waste management services, ,2027.0,130134.01,273.0,263.0,10.0,0.0,ContractMismatch
Programmed Facility Management Pty Ltd,Waste management services, ,2028.0,323645.82,256.0,246.0,10.0,0.0,ContractMismatch
Programmed Facility Management Pty Ltd,Waste management services, ,2029.0,241816.38,239.0,229.0,10.0,0.0,ContractMismatch
Reino International Pty Ltd T/A Duncan Solutions,Building cleaning services, ,2026.0,100000.0,249.0,239.0,10.0,0.0,ContractMismatch
Reino International Pty Ltd T/A Duncan Solutions,Building cleaning services, ,2027.0,6048.03,219.0,209.0,10.0,0.0,ContractMismatch
Reino International Pty Ltd T/A Duncan Solutions,Building cleaning services, ,2028.0,35992.41,239.0,229.0,10.0,0.0,ContractMismatch
Reino International Pty Ltd T/A Duncan Solutions,Building maintenance services, ,2025.0,190410.52,239.0,229.0,10.0,0.0,ContractMismatch
Reino International Pty Ltd T/A Duncan Solutions,Building maintenance services, ,2026.0,158398.17,273.0,263.0,10.0,0.0,ContractMismatch
Reino International Pty Ltd T/A Duncan Solutions,Building maintenance services, ,2028.0,76156.54,239.0,229.0,10.0,0.0,ContractMismatch
Reino International Pty Ltd T/A Duncan Solutions,Civil infrastructure services, ,2028.0,83587.36,215.0,205.0,10.0,0.0,ContractMismatch
Reino International Pty Ltd T/A Duncan Solutions,Civil infrastructure services, ,2029.0,0.0,280.0,263.0,10.0,7.0,ContractMismatch
Reino International Pty Ltd T/A Duncan Solutions,Graffiti management and pressure cleaning services, ,2025.0,7188.25,215.0,205.0,10.0,0.0,ContractMismatch
Reino International Pty Ltd T/A Duncan Solutions,Graffiti management and pressure cleaning services, ,2029.0,87219.31,239.0,229.0,10.0,0.0,ContractMismatch
Reino International Pty Ltd T/A Duncan Solutions,Integrated security services, ,2025.0,341527.65,224.0,214.0,10.0,0.0,ContractMismatch
Reino International Pty Ltd T/A Duncan Solutions,Integrated security services, ,2028.0,205075.43,273.0,263.0,10.0,0.0,ContractMismatch
Reino International Pty Ltd T/A Duncan Solutions,Integrated security services, ,2029.0,204180.04,273.0,263.0,10.0,0.0,ContractMismatch
Reino International Pty Ltd T/A Duncan Solutions,Management of Active Melbourne recreation facilities, ,2028.0,234111.24,239.0,229.0,10.0,0.0,ContractMismatch
Reino International Pty Ltd T/A Duncan Solutions,Management of Active Melbourne recreation facilities, ,2029.0,16706.92,273.0,263.0,10.0,0.0,ContractMismatch
Reino International Pty Ltd T/A Duncan Solutions,Melbourne Town Hall venue management, ,2025.0,98241.55,273.0,263.0,10.0,0.0,ContractMismatch
Reino International Pty Ltd T/A Duncan Solutions,Melbourne Town Hall venue management, ,2026.0,22438.2,273.0,263.0,10.0,0.0,ContractMismatch
Reino International Pty Ltd T/A Duncan Solutions,Melbourne Town Hall venue management, ,2029.0,262238.93,244.0,234.0,10.0,0.0,ContractMismatch
Reino International Pty Ltd T/A Duncan Solutions,Open spaces management - region 1, ,2025.0,18918.16,273.0,263.0,10.0,0.0,ContractMismatch
Reino International Pty Ltd T/A Duncan Solutions,Open spaces management - region 1, ,2026.0,157589.11,266.5,256.5,10.0,0.0,ContractMismatch
Reino International Pty Ltd T/A Duncan Solutions,Open spaces management - region 1, ,2027.0,37213.59,273.0,263.0,10.0,0.0,ContractMismatch
Reino International Pty Ltd T/A Duncan Solutions,Open spaces management - region 1, ,2028.0,300000.0,258.0,248.0,10.0,0.0,ContractMismatch
Reino International Pty Ltd T/A Duncan Solutions,Open spaces management - region 1, ,2029.0,195319.19,239.0,229.0,10.0,0.0,ContractMismatch
Reino International Pty Ltd T/A Duncan Solutions,Open spaces management - region 2, ,2026.0,11413.08,239.0,229.0,10.0,0.0,ContractMismatch
Reino International Pty Ltd T/A Duncan Solutions,Open spaces management - region 2, ,2027.0,114258.45,215.0,205.0,10.0,0.0,ContractMismatch
Reino International Pty Ltd T/A Duncan Solutions,Parking technology services, ,2025.0,30762392.37,163.424,153.2,10.0,0.224,ContractMismatch
Reino International Pty Ltd T/A Duncan Solutions,Parking technology services, ,2026.0,22379134.97,167.1005291005291,156.76719576719577,10.0,0.3333333333333333,ContractMismatch
Reino International Pty Ltd T/A Duncan Solutions,Parking technology services, ,2027.0,26522470.38,165.46696035242292,155.18942731277534,10.0,0.2775330396475771,ContractMismatch
Reino International Pty Ltd T/A Duncan Solutions,Parking technology services, ,2028.0,29121026.03,166.49372384937237,156.23012552301256,10.0,0.26359832635983266,ContractMismatch
Reino International Pty Ltd T/A Duncan Solutions,Parking technology services, ,2029.0,31215888.72,165.64016736401675,155.46443514644352,10.0,0.17573221757322174,ContractMismatch
Reino International Pty Ltd T/A Duncan Solutions,Parking technology services, ,2030.0,114082.05,158.0,148.0,10.0,0.0,ContractMismatch
Reino International Pty Ltd T/A Duncan Solutions,Parking technology services,3623,2025.0,549135199.38,157.79023836549376,157.48354143019296,0.0,0.30669693530079456,OverUpper
Reino International Pty Ltd T/A Duncan Solutions,Parking technology services,3623,2026.0,547372805.28,170.4268563806136,157.7799021787461,12.346598488216985,0.30035571365051134,OverUpper
Reino International Pty Ltd T/A Duncan Solutions,Parking technology services,3623,2027.0,536278305.28,172.59269344225098,157.30678466076697,15.0,0.2859087814840027,OverUpper
Reino International Pty Ltd T/A Duncan Solutions,Parking technology services,3623,2028.0,547700743.15,172.87474882786336,157.5934360348292,15.0,0.2813127930341594,OverUpper
Reino International Pty Ltd T/A Duncan Solutions,Parking technology services,3623,2029.0,561645781.99,172.9814446653413,157.6938369781312,15.0,0.2876076872100729,OverUpper
Reino International Pty Ltd T/A Duncan Solutions,Parking technology services,3623,2030.0,900735.05,155.66666666666666,140.66666666666666,15.0,0.0,UnderLower
Reino International Pty Ltd T/A Duncan Solutions,Street cleaning, ,2025.0,200000.0,273.0,263.0,10.0,0.0,ContractMismatch
Reino International Pty Ltd T/A Duncan Solutions,Street cleaning, ,2028.0,346970.26,261.0,251.0,10.0,0.0,ContractMismatch
Reino International Pty Ltd T/A Duncan Solutions,Tree management maintenance services, ,2026.0,94097.1,256.0,246.0,10.0,0.0,ContractMismatch
Reino International Pty Ltd T/A Duncan Solutions,Vehicle tow away and impound services, ,2026.0,100000.0,249.0,239.0,10.0,0.0,ContractMismatch
Reino International Pty Ltd T/A Duncan Solutions,Vehicle tow away and impound services, ,2028.0,214700.98,239.0,229.0,10.0,0.0,ContractMismatch
Reino International Pty Ltd T/A Duncan Solutions,Vehicle tow away and impound services, ,2029.0,305280.48,243.66666666666666,233.66666666666666,10.0,0.0,ContractMismatch
Reino International Pty Ltd T/A Duncan Solutions,Waste management services, ,2027.0,263324.24,273.0,263.0,10.0,0.0,ContractMismatch
Reino International Pty Ltd T/A Duncan Solutions,Waste management services, ,2028.0,200000.0,243.0,233.0,10.0,0.0,ContractMismatch
SERCO,Building cleaning services, ,2025.0,246124.86,273.0,263.0,10.0,0.0,ContractMismatch
SERCO,Building cleaning services, ,2026.0,24480.29,256.0,246.0,10.0,0.0,ContractMismatch
SERCO,Building cleaning services, ,2028.0,161371.06,249.0,239.0,10.0,0.0,ContractMismatch
SERCO,Building cleaning services, ,2029.0,2906.25,273.0,263.0,10.0,0.0,ContractMismatch
SERCO,Building maintenance services, ,2025.0,165229.68,261.0,251.0,10.0,0.0,ContractMismatch
SERCO,Building maintenance services, ,2026.0,200000.0,243.0,233.0,10.0,0.0,ContractMismatch
SERCO,Building maintenance services, ,2028.0,125334.35999999999,244.0,234.0,10.0,0.0,ContractMismatch
SERCO,Civil infrastructure services, ,2025.0,218707.23,215.0,205.0,10.0,0.0,ContractMismatch
SERCO,Civil infrastructure services, ,2026.0,200000.0,249.0,239.0,10.0,0.0,ContractMismatch
SERCO,Civil infrastructure services, ,2027.0,200000.0,249.0,239.0,10.0,0.0,ContractMismatch
SERCO,Civil infrastructure services, ,2028.0,0.0,256.0,239.0,10.0,7.0,ContractMismatch
SERCO,Graffiti management and pressure cleaning services, ,2025.0,346112.48,235.66666666666666,225.66666666666666,10.0,0.0,ContractMismatch
SERCO,Graffiti management and pressure cleaning services, ,2026.0,0.0,280.0,263.0,10.0,7.0,ContractMismatch
SERCO,Graffiti management and pressure cleaning services, ,2027.0,208611.42,239.0,229.0,10.0,0.0,ContractMismatch
SERCO,Graffiti management and pressure cleaning services, ,2029.0,368807.76,273.0,263.0,10.0,0.0,ContractMismatch
SERCO,Integrated security services, ,2027.0,183076.07,244.0,234.0,10.0,0.0,ContractMismatch
SERCO,Integrated security services, ,2028.0,426800.77,225.5,215.5,10.0,0.0,ContractMismatch
SERCO,Integrated security services, ,2029.0,334305.66,245.66666666666666,235.66666666666666,10.0,0.0,ContractMismatch
SERCO,Management of Active Melbourne recreation facilities, ,2028.0,200000.0,273.0,263.0,10.0,0.0,ContractMismatch
SERCO,Melbourne Town Hall venue management, ,2025.0,72993.62,215.0,205.0,10.0,0.0,ContractMismatch
SERCO,Melbourne Town Hall venue management, ,2026.0,200000.0,273.0,263.0,10.0,0.0,ContractMismatch
SERCO,Melbourne Town Hall venue management, ,2027.0,100000.0,243.0,233.0,10.0,0.0,ContractMismatch
SERCO,Melbourne Town Hall venue management, ,2029.0,351832.55,215.0,205.0,10.0,0.0,ContractMismatch
SERCO,Open spaces management - region 1, ,2025.0,67569.71,219.0,209.0,10.0,0.0,ContractMismatch
SERCO,Open spaces management - region 1, ,2026.0,86288.78,243.0,233.0,10.0,0.0,ContractMismatch
SERCO,Open spaces management - region 1, ,2027.0,56141.52,249.0,239.0,10.0,0.0,ContractMismatch
SERCO,Open spaces management - region 1, ,2028.0,190386.04,273.0,263.0,10.0,0.0,ContractMismatch
SERCO,Open spaces management - region 1, ,2029.0,119967.33,239.0,229.0,10.0,0.0,ContractMismatch
SERCO,Open spaces management - region 2, ,2025.0,27866835.8,161.96774193548387,151.74193548387098,10.0,0.22580645161290322,ContractMismatch
SERCO,Open spaces management - region 2, ,2026.0,28431485.61,161.9650655021834,151.6288209606987,10.0,0.33624454148471616,ContractMismatch
SERCO,Open spaces management - region 2, ,2027.0,27299879.19,158.94545454545454,148.75454545454545,10.0,0.19090909090909092,ContractMismatch
SERCO,Open spaces management - region 2, ,2028.0,25332775.82,158.69014084507043,148.36150234741785,10.0,0.3286384976525822,ContractMismatch
SERCO,Open spaces management - region 2, ,2029.0,29258711.79,158.81415929203538,148.5353982300885,10.0,0.27876106194690264,ContractMismatch
SERCO,Open spaces management - region 2, ,2030.0,228719.0,130.0,120.0,10.0,0.0,ContractMismatch
SERCO,Open spaces management - region 2,3677,2025.0,539307865.38,150.25251601097895,149.98833485818847,0.0,0.26418115279048493,OverUpper
SERCO,Open spaces management - region 2,3677,2026.0,550106805.55,150.8550594570339,150.56921696208212,0.0,0.2858424949517613,OverUpper
SERCO,Open spaces management - region 2,3677,2027.0,547638496.0,150.45039548022598,150.14983050847457,0.0,0.30056497175141245,OverUpper
SERCO,Open spaces management - region 2,3677,2028.0,550262668.11,150.34595678324794,150.0657161951437,0.016707507239919803,0.263533080864335,OverUpper
SERCO,Open spaces management - region 2,3677,2029.0,535660771.14,162.9058203483043,149.99381301558205,12.61686526122823,0.29514207149404215,OverUpper
SERCO,Open spaces management - region 2,3677,2030.0,1597008.67,174.13333333333333,158.66666666666666,15.0,0.4666666666666667,UnderLower
SERCO,Parking technology services, ,2026.0,225158.52,229.0,219.0,10.0,0.0,ContractMismatch
SERCO,Parking technology services, ,2027.0,32989.32,249.0,239.0,10.0,0.0,ContractMismatch
SERCO,Parking technology services, ,2028.0,286678.13,239.33333333333334,227.0,10.0,2.3333333333333335,ContractMismatch
SERCO,Tree management maintenance services, ,2025.0,210942.52000000002,261.0,251.0,10.0,0.0,ContractMismatch
SERCO,Tree management maintenance services, ,2029.0,53847.11,273.0,263.0,10.0,0.0,ContractMismatch
SERCO,Vehicle tow away and impound services, ,2025.0,267909.20999999996,224.0,214.0,10.0,0.0,ContractMismatch
SERCO,Vehicle tow away and impound services, ,2026.0,225283.62,215.0,205.0,10.0,0.0,ContractMismatch
SERCO,Vehicle tow away and impound services, ,2027.0,138010.77,215.0,205.0,10.0,0.0,ContractMismatch
SERCO,Vehicle tow away and impound services, ,2028.0,266150.0,245.0,235.0,10.0,0.0,ContractMismatch
SERCO,Waste management services, ,2025.0,104040.54,239.0,229.0,10.0,0.0,ContractMismatch
SERCO,Waste management services, ,2027.0,166976.16,215.0,205.0,10.0,0.0,ContractMismatch
SERCO,Waste management services, ,2028.0,63557.67,249.0,239.0,10.0,0.0,ContractMismatch
Showtime Event Group Pty Ltd,Building cleaning services, ,2025.0,15154.980000000001,232.0,222.0,10.0,0.0,ContractMismatch
Showtime Event Group Pty Ltd,Building cleaning services, ,2028.0,279396.49,244.0,234.0,10.0,0.0,ContractMismatch
Showtime Event Group Pty Ltd,Building maintenance services, ,2025.0,70762.68,224.0,214.0,10.0,0.0,ContractMismatch
Showtime Event Group Pty Ltd,Building maintenance services, ,2026.0,127991.0,273.0,263.0,10.0,0.0,ContractMismatch
Showtime Event Group Pty Ltd,Building maintenance services, ,2028.0,222356.82,273.0,263.0,10.0,0.0,ContractMismatch
Showtime Event Group Pty Ltd,Civil infrastructure services, ,2025.0,124799.01,239.0,229.0,10.0,0.0,ContractMismatch
Showtime Event Group Pty Ltd,Civil infrastructure services, ,2026.0,253583.03,282.0,272.0,10.0,0.0,ContractMismatch
Showtime Event Group Pty Ltd,Civil infrastructure services, ,2027.0,108001.05,215.0,205.0,10.0,0.0,ContractMismatch
Showtime Event Group Pty Ltd,Civil infrastructure services, ,2028.0,119750.08,273.0,263.0,10.0,0.0,ContractMismatch
Showtime Event Group Pty Ltd,Graffiti management and pressure cleaning services, ,2026.0,100000.0,273.0,263.0,10.0,0.0,ContractMismatch
Showtime Event Group Pty Ltd,Graffiti management and pressure cleaning services, ,2027.0,200000.0,243.0,233.0,10.0,0.0,ContractMismatch
Showtime Event Group Pty Ltd,Graffiti management and pressure cleaning services, ,2028.0,160681.43,273.0,263.0,10.0,0.0,ContractMismatch
Showtime Event Group Pty Ltd,Integrated security services, ,2025.0,91399.95,249.0,239.0,10.0,0.0,ContractMismatch
Showtime Event Group Pty Ltd,Integrated security services, ,2026.0,247901.37,249.0,239.0,10.0,0.0,ContractMismatch
Showtime Event Group Pty Ltd,Integrated security services, ,2029.0,385524.12,241.0,231.0,10.0,0.0,ContractMismatch
Showtime Event Group Pty Ltd,Management of Active Melbourne recreation facilities, ,2025.0,321225.79,273.0,263.0,10.0,0.0,ContractMismatch
Showtime Event Group Pty Ltd,Management of Active Melbourne recreation facilities, ,2026.0,125587.01000000001,241.0,231.0,10.0,0.0,ContractMismatch
Showtime Event Group Pty Ltd,Management of Active Melbourne recreation facilities, ,2027.0,173681.61,239.0,229.0,10.0,0.0,ContractMismatch
Showtime Event Group Pty Ltd,Management of Active Melbourne recreation facilities, ,2028.0,395222.56,237.0,227.0,10.0,0.0,ContractMismatch
Showtime Event Group Pty Ltd,Melbourne Town Hall venue management, ,2025.0,26662591.09,165.97379912663754,155.79039301310044,10.0,0.18340611353711792,ContractMismatch
Showtime Event Group Pty Ltd,Melbourne Town Hall venue management, ,2026.0,30888340.23,164.36821705426357,153.98837209302326,10.0,0.3798449612403101,ContractMismatch
Showtime Event Group Pty Ltd,Melbourne Town Hall venue management, ,2027.0,25460333.76,164.3348623853211,153.91743119266056,10.0,0.41743119266055045,ContractMismatch
Showtime Event Group Pty Ltd,Melbourne Town Hall venue management, ,2028.0,25866891.59,167.31428571428572,156.94761904761904,10.0,0.36666666666666664,ContractMismatch
Showtime Event Group Pty Ltd,Melbourne Town Hall venue management, ,2029.0,30797934.27,165.39914163090128,155.24892703862662,10.0,0.15021459227467812,ContractMismatch
Showtime Event Group Pty Ltd,Melbourne Town Hall venue management,3670,2025.0,527480010.22,156.99977111467155,156.70176241702907,0.0,0.2980086976424811,OverUpper
Showtime Event Group Pty Ltd,Melbourne Town Hall venue management,3670,2026.0,542066627.83,156.93457943925233,156.6617278322316,0.0,0.2728516070207431,OverUpper
Showtime Event Group Pty Ltd,Melbourne Town Hall venue management,3670,2027.0,546116305.62,156.6173618940248,156.36009019165726,0.0,0.257271702367531,OverUpper
Showtime Event Group Pty Ltd,Melbourne Town Hall venue management,3670,2028.0,548027310.46,157.22134654357126,156.9187120018014,0.0,0.30263454176987165,OverUpper
Showtime Event Group Pty Ltd,Melbourne Town Hall venue management,3670,2029.0,558230448.05,165.80432360151548,156.71005125919322,8.847782482727881,0.24648985959438377,OverUpper
Showtime Event Group Pty Ltd,Melbourne Town Hall venue management,3670,2030.0,1528791.03,172.66666666666666,157.66666666666666,15.0,0.0,WithinBounds
Showtime Event Group Pty Ltd,Open spaces management - region 1, ,2026.0,197911.32,243.0,233.0,10.0,0.0,ContractMismatch
Showtime Event Group Pty Ltd,Open spaces management - region 1, ,2029.0,200501.11,241.0,231.0,10.0,0.0,ContractMismatch
Showtime Event Group Pty Ltd,Open spaces management - region 2, ,2026.0,185710.98,243.0,233.0,10.0,0.0,ContractMismatch
Showtime Event Group Pty Ltd,Open spaces management - region 2, ,2027.0,139633.71,232.0,222.0,10.0,0.0,ContractMismatch
Showtime Event Group Pty Ltd,Open spaces management - region 2, ,2029.0,103778.34,239.0,229.0,10.0,0.0,ContractMismatch
Showtime Event Group Pty Ltd,Parking technology services, ,2025.0,172508.44,273.0,263.0,10.0,0.0,ContractMismatch
Showtime Event Group Pty Ltd,Parking technology services, ,2026.0,132799.01,273.0,263.0,10.0,0.0,ContractMismatch
Showtime Event Group Pty Ltd,Parking technology services, ,2028.0,200000.0,273.0,263.0,10.0,0.0,ContractMismatch
Showtime Event Group Pty Ltd,Parking technology services, ,2029.0,200000.0,273.0,263.0,10.0,0.0,ContractMismatch
Showtime Event Group Pty Ltd,Street cleaning, ,2025.0,228216.57,239.0,229.0,10.0,0.0,ContractMismatch
Showtime Event Group Pty Ltd,Tree management maintenance services, ,2025.0,54334.18,239.0,229.0,10.0,0.0,ContractMismatch
Showtime Event Group Pty Ltd,Tree management maintenance services, ,2026.0,100000.0,243.0,233.0,10.0,0.0,ContractMismatch
Showtime Event Group Pty Ltd,Tree management maintenance services, ,2027.0,266819.94,246.0,236.0,10.0,0.0,ContractMismatch
Showtime Event Group Pty Ltd,Tree management maintenance services, ,2028.0,200000.0,249.0,239.0,10.0,0.0,ContractMismatch
Showtime Event Group Pty Ltd,Tree management maintenance services, ,2029.0,41372.04,246.0,236.0,10.0,0.0,ContractMismatch
Showtime Event Group Pty Ltd,Vehicle tow away and impound services, ,2025.0,191111.46,261.5,248.0,10.0,3.5,ContractMismatch
Showtime Event Group Pty Ltd,Vehicle tow away and impound services, ,2027.0,209426.88,239.0,229.0,10.0,0.0,ContractMismatch
Showtime Event Group Pty Ltd,Vehicle tow away and impound services, ,2028.0,100000.0,273.0,263.0,10.0,0.0,ContractMismatch
Showtime Event Group Pty Ltd,Vehicle tow away and impound services, ,2029.0,208800.71000000002,261.0,251.0,10.0,0.0,ContractMismatch
Showtime Event Group Pty Ltd,Waste management services, ,2025.0,200000.0,273.0,263.0,10.0,0.0,ContractMismatch
Showtime Event Group Pty Ltd,Waste management services, ,2027.0,56515.77,243.0,233.0,10.0,0.0,ContractMismatch
Spotless Facility Services Pty Ltd,Building cleaning services, ,2025.0,233826.94,249.0,239.0,10.0,0.0,ContractMismatch
Spotless Facility Services Pty Ltd,Building cleaning services, ,2026.0,79049.08,239.0,229.0,10.0,0.0,ContractMismatch
Spotless Facility Services Pty Ltd,Building cleaning services, ,2027.0,242188.05,239.0,229.0,10.0,0.0,ContractMismatch
Spotless Facility Services Pty Ltd,Building cleaning services, ,2028.0,200000.0,243.0,233.0,10.0,0.0,ContractMismatch
Spotless Facility Services Pty Ltd,Building maintenance services, ,2026.0,312384.86,273.0,263.0,10.0,0.0,ContractMismatch
Spotless Facility Services Pty Ltd,Civil infrastructure services, ,2025.0,260438.53999999998,224.0,214.0,10.0,0.0,ContractMismatch
Spotless Facility Services Pty Ltd,Civil infrastructure services, ,2026.0,47920.39,209.0,199.0,10.0,0.0,ContractMismatch
Spotless Facility Services Pty Ltd,Civil infrastructure services, ,2027.0,353292.73,244.0,234.0,10.0,0.0,ContractMismatch
Spotless Facility Services Pty Ltd,Civil infrastructure services, ,2028.0,46323.1,273.0,263.0,10.0,0.0,ContractMismatch
Spotless Facility Services Pty Ltd,Graffiti management and pressure cleaning services, ,2025.0,152019.13,239.0,229.0,10.0,0.0,ContractMismatch
Spotless Facility Services Pty Ltd,Graffiti management and pressure cleaning services, ,2026.0,200000.0,273.0,263.0,10.0,0.0,ContractMismatch
Spotless Facility Services Pty Ltd,Graffiti management and pressure cleaning services, ,2027.0,176969.25999999998,241.0,231.0,10.0,0.0,ContractMismatch
Spotless Facility Services Pty Ltd,Graffiti management and pressure cleaning services, ,2029.0,239305.03000000003,239.0,229.0,10.0,0.0,ContractMismatch
Spotless Facility Services Pty Ltd,Integrated security services, ,2025.0,74299.69,239.0,229.0,10.0,0.0,ContractMismatch
Spotless Facility Services Pty Ltd,Integrated security services, ,2027.0,153937.23,273.0,263.0,10.0,0.0,ContractMismatch
Spotless Facility Services Pty Ltd,Integrated security services, ,2028.0,246459.75,273.0,263.0,10.0,0.0,ContractMismatch
Spotless Facility Services Pty Ltd,Integrated security services, ,2029.0,254657.38,214.33333333333334,204.33333333333334,10.0,0.0,ContractMismatch
Spotless Facility Services Pty Ltd,Management of Active Melbourne recreation facilities, ,2025.0,57929.47,239.0,229.0,10.0,0.0,ContractMismatch
Spotless Facility Services Pty Ltd,Management of Active Melbourne recreation facilities, ,2028.0,228982.01,239.0,229.0,10.0,0.0,ContractMismatch
Spotless Facility Services Pty Ltd,Melbourne Town Hall venue management, ,2025.0,366722.6,242.33333333333334,232.33333333333334,10.0,0.0,ContractMismatch
Spotless Facility Services Pty Ltd,Melbourne Town Hall venue management, ,2027.0,53707.05,215.0,205.0,10.0,0.0,ContractMismatch
Spotless Facility Services Pty Ltd,Melbourne Town Hall venue management, ,2028.0,36886.42,249.0,239.0,10.0,0.0,ContractMismatch
Spotless Facility Services Pty Ltd,Melbourne Town Hall venue management, ,2029.0,256672.3,258.0,248.0,10.0,0.0,ContractMismatch
Spotless Facility Services Pty Ltd,Open spaces management - region 1, ,2025.0,46916.58,239.0,229.0,10.0,0.0,ContractMismatch
Spotless Facility Services Pty Ltd,Open spaces management - region 2, ,2025.0,231379.26,258.0,248.0,10.0,0.0,ContractMismatch
Spotless Facility Services Pty Ltd,Open spaces management - region 2, ,2028.0,207857.65,239.0,229.0,10.0,0.0,ContractMismatch
Spotless Facility Services Pty Ltd,Parking technology services, ,2025.0,214832.90000000002,244.0,234.0,10.0,0.0,ContractMismatch
Spotless Facility Services Pty Ltd,Parking technology services, ,2026.0,249516.03,239.0,229.0,10.0,0.0,ContractMismatch
Spotless Facility Services Pty Ltd,Parking technology services, ,2028.0,342526.18,240.33333333333334,230.33333333333334,10.0,0.0,ContractMismatch
Spotless Facility Services Pty Ltd,Street cleaning, ,2025.0,27217198.73,168.93303571428572,158.68303571428572,10.0,0.25,ContractMismatch
Spotless Facility Services Pty Ltd,Street cleaning, ,2026.0,25905710.94,165.61576354679804,155.3743842364532,10.0,0.2413793103448276,ContractMismatch
Spotless Facility Services Pty Ltd,Street cleaning, ,2027.0,22804218.59,166.53846153846155,156.2871794871795,10.0,0.2512820512820513,ContractMismatch
Spotless Facility Services Pty Ltd,Street cleaning, ,2028.0,28898077.91,167.1748878923767,156.89237668161434,10.0,0.2825112107623318,ContractMismatch
Spotless Facility Services Pty Ltd,Street cleaning, ,2029.0,25176596.81,164.3935185185185,154.03703703703704,10.0,0.35648148148148145,ContractMismatch
Spotless Facility Services Pty Ltd,Street cleaning,3669,2025.0,543730849.54,156.3576975788031,156.1258565555048,0.0,0.23184102329830972,WithinBounds
Spotless Facility Services Pty Ltd,Street cleaning,3669,2026.0,537722058.8,156.94606380537067,156.65044755565756,0.0,0.29561624971310535,WithinBounds
Spotless Facility Services Pty Ltd,Street cleaning,3669,2027.0,547493475.76,156.78031319910514,156.47807606263981,0.0,0.3022371364653244,WithinBounds
Spotless Facility Services Pty Ltd,Street cleaning,3669,2028.0,547850202.38,157.55280342265254,157.26458004953838,0.012384598063499211,0.2758387750506643,WithinBounds
Spotless Facility Services Pty Ltd,Street cleaning,3669,2029.0,550444641.94,169.42507236695613,156.61300378534847,12.543976842574036,0.2680917390336228,WithinBounds
Spotless Facility Services Pty Ltd,Street cleaning,3669,2030.0,2254959.22,168.88235294117646,153.88235294117646,15.0,0.0,UnderLower
Spotless Facility Services Pty Ltd,Tree management maintenance services, ,2027.0,123308.24,239.0,229.0,10.0,0.0,ContractMismatch
Spotless Facility Services Pty Ltd,Tree management maintenance services, ,2028.0,241985.06,209.0,199.0,10.0,0.0,ContractMismatch
Spotless Facility Services Pty Ltd,Tree management maintenance services, ,2029.0,72581.55,249.0,239.0,10.0,0.0,ContractMismatch
Spotless Facility Services Pty Ltd,Vehicle tow away and impound services, ,2025.0,0.0,280.0,263.0,10.0,7.0,ContractMismatch
Spotless Facility Services Pty Ltd,Vehicle tow away and impound services, ,2027.0,233692.67,215.0,205.0,10.0,0.0,ContractMismatch
Spotless Facility Services Pty Ltd,Vehicle tow away and impound services, ,2029.0,89525.83,239.0,229.0,10.0,0.0,ContractMismatch
Spotless Facility Services Pty Ltd,Waste management services, ,2025.0,100000.0,249.0,239.0,10.0,0.0,ContractMismatch
Spotless Facility Services Pty Ltd,Waste management services, ,2026.0,100000.0,273.0,263.0,10.0,0.0,ContractMismatch
Spotless Facility Services Pty Ltd,Waste management services, ,2027.0,150371.06,273.0,263.0,10.0,0.0,ContractMismatch
Spotless Facility Services Pty Ltd,Waste management services, ,2028.0,423230.26,244.0,234.0,10.0,0.0,ContractMismatch
Victorian YMCA Community Programming Pty Ltd,Building cleaning services, ,2026.0,198984.59,239.0,229.0,10.0,0.0,ContractMismatch
Victorian YMCA Community Programming Pty Ltd,Building cleaning services, ,2027.0,118731.43,243.0,233.0,10.0,0.0,ContractMismatch
Victorian YMCA Community Programming Pty Ltd,Building cleaning services, ,2029.0,100000.0,273.0,263.0,10.0,0.0,ContractMismatch
Victorian YMCA Community Programming Pty Ltd,Building maintenance services, ,2026.0,145198.19,273.0,263.0,10.0,0.0,ContractMismatch
Victorian YMCA Community Programming Pty Ltd,Building maintenance services, ,2027.0,0.0,280.0,263.0,10.0,7.0,ContractMismatch
Victorian YMCA Community Programming Pty Ltd,Building maintenance services, ,2028.0,209298.82,239.0,229.0,10.0,0.0,ContractMismatch
Victorian YMCA Community Programming Pty Ltd,Civil infrastructure services, ,2025.0,253950.91,256.0,246.0,10.0,0.0,ContractMismatch
Victorian YMCA Community Programming Pty Ltd,Civil infrastructure services, ,2028.0,176661.86,273.0,263.0,10.0,0.0,ContractMismatch
Victorian YMCA Community Programming Pty Ltd,Civil infrastructure services, ,2029.0,190752.44,215.0,205.0,10.0,0.0,ContractMismatch
Victorian YMCA Community Programming Pty Ltd,Graffiti management and pressure cleaning services, ,2025.0,369589.12,231.0,221.0,10.0,0.0,ContractMismatch
Victorian YMCA Community Programming Pty Ltd,Graffiti management and pressure cleaning services, ,2027.0,35352.84,215.0,205.0,10.0,0.0,ContractMismatch
Victorian YMCA Community Programming Pty Ltd,Integrated security services, ,2025.0,490821.26,233.5,223.5,10.0,0.0,ContractMismatch
Victorian YMCA Community Programming Pty Ltd,Integrated security services, ,2026.0,310130.95999999996,273.0,263.0,10.0,0.0,ContractMismatch
Victorian YMCA Community Programming Pty Ltd,Management of Active Melbourne recreation facilities, ,2025.0,26796635.52,170.28699551569505,160.03587443946188,10.0,0.25112107623318386,ContractMismatch
Victorian YMCA Community Programming Pty Ltd,Management of Active Melbourne recreation facilities, ,2026.0,25168195.31,169.53554502369667,159.23696682464455,10.0,0.2985781990521327,ContractMismatch
Victorian YMCA Community Programming Pty Ltd,Management of Active Melbourne recreation facilities, ,2027.0,24223402.11,168.63681592039802,158.28855721393035,10.0,0.3482587064676617,ContractMismatch
Victorian YMCA Community Programming Pty Ltd,Management of Active Melbourne recreation facilities, ,2028.0,27892426.59,168.28372093023256,158.12093023255815,10.0,0.16279069767441862,ContractMismatch
Victorian YMCA Community Programming Pty Ltd,Management of Active Melbourne recreation facilities, ,2029.0,29344744.6,167.61764705882354,157.35294117647058,10.0,0.2647058823529412,ContractMismatch
Victorian YMCA Community Programming Pty Ltd,Management of Active Melbourne recreation facilities, ,2030.0,177522.0,188.0,178.0,10.0,0.0,ContractMismatch
Victorian YMCA Community Programming Pty Ltd,Management of Active Melbourne recreation facilities,3615,2025.0,546287979.02,157.80752014324082,157.51924798567592,0.0,0.288272157564906,OverUpper
Victorian YMCA Community Programming Pty Ltd,Management of Active Melbourne recreation facilities,3615,2026.0,550741491.84,158.97004917299955,158.68842199374163,0.0,0.28162717925793473,OverUpper
Victorian YMCA Community Programming Pty Ltd,Management of Active Melbourne recreation facilities,3615,2027.0,544235372.77,167.17107030900135,158.14890282131663,8.741603224361844,0.28056426332288403,OverUpper
Victorian YMCA Community Programming Pty Ltd,Management of Active Melbourne recreation facilities,3615,2028.0,542254400.99,173.36239160200822,158.06526700136925,15.0,0.2971246006389776,OverUpper
Victorian YMCA Community Programming Pty Ltd,Management of Active Melbourne recreation facilities,3615,2029.0,537186234.31,173.95798509148406,158.67811158798284,15.0,0.27987350350124235,OverUpper
Victorian YMCA Community Programming Pty Ltd,Management of Active Melbourne recreation facilities,3615,2030.0,1323158.38,174.41666666666666,158.83333333333334,15.0,0.5833333333333334,UnderLower
Victorian YMCA Community Programming Pty Ltd,Melbourne Town Hall venue management, ,2029.0,73089.1,273.0,263.0,10.0,0.0,ContractMismatch
Victorian YMCA Community Programming Pty Ltd,Open spaces management - region 1, ,2026.0,247313.97,273.0,263.0,10.0,0.0,ContractMismatch
Victorian YMCA Community Programming Pty Ltd,Open spaces management - region 1, ,2027.0,480631.99,250.33333333333334,240.33333333333334,10.0,0.0,ContractMismatch
Victorian YMCA Community Programming Pty Ltd,Open spaces management - region 1, ,2029.0,5748.81,273.0,263.0,10.0,0.0,ContractMismatch
Victorian YMCA Community Programming Pty Ltd,Open spaces management - region 2, ,2026.0,67792.44,273.0,263.0,10.0,0.0,ContractMismatch
Victorian YMCA Community Programming Pty Ltd,Open spaces management - region 2, ,2027.0,174674.73,273.0,263.0,10.0,0.0,ContractMismatch
Victorian YMCA Community Programming Pty Ltd,Open spaces management - region 2, ,2028.0,240927.71,273.0,263.0,10.0,0.0,ContractMismatch
Victorian YMCA Community Programming Pty Ltd,Parking technology services, ,2025.0,212563.95,215.0,205.0,10.0,0.0,ContractMismatch
Victorian YMCA Community Programming Pty Ltd,Parking technology services, ,2026.0,143162.75,273.0,263.0,10.0,0.0,ContractMismatch
Victorian YMCA Community Programming Pty Ltd,Parking technology services, ,2027.0,211724.61,273.0,263.0,10.0,0.0,ContractMismatch
Victorian YMCA Community Programming Pty Ltd,Parking technology services, ,2028.0,200000.0,273.0,263.0,10.0,0.0,ContractMismatch
Victorian YMCA Community Programming Pty Ltd,Street cleaning, ,2025.0,200000.0,273.0,263.0,10.0,0.0,ContractMismatch
Victorian YMCA Community Programming Pty Ltd,Street cleaning, ,2026.0,3984.94,273.0,263.0,10.0,0.0,ContractMismatch
Victorian YMCA Community Programming Pty Ltd,Street cleaning, ,2027.0,100000.0,273.0,263.0,10.0,0.0,ContractMismatch
Victorian YMCA Community Programming Pty Ltd,Tree management maintenance services, ,2025.0,122441.98,239.0,229.0,10.0,0.0,ContractMismatch
Victorian YMCA Community Programming Pty Ltd,Tree management maintenance services, ,2026.0,272752.17,273.0,263.0,10.0,0.0,ContractMismatch
Victorian YMCA Community Programming Pty Ltd,Tree management maintenance services, ,2027.0,154055.93,256.0,246.0,10.0,0.0,ContractMismatch
Victorian YMCA Community Programming Pty Ltd,Tree management maintenance services, ,2028.0,224305.58,281.5,271.5,10.0,0.0,ContractMismatch
Victorian YMCA Community Programming Pty Ltd,Tree management maintenance services, ,2029.0,200000.0,273.0,263.0,10.0,0.0,ContractMismatch
Victorian YMCA Community Programming Pty Ltd,Vehicle tow away and impound services, ,2026.0,100000.0,273.0,263.0,10.0,0.0,ContractMismatch
Victorian YMCA Community Programming Pty Ltd,Vehicle tow away and impound services, ,2028.0,144817.04,239.0,229.0,10.0,0.0,ContractMismatch
Victorian YMCA Community Programming Pty Ltd,Vehicle tow away and impound services, ,2029.0,378978.39,231.5,221.5,10.0,0.0,ContractMismatch
Victorian YMCA Community Programming Pty Ltd,Waste management services, ,2027.0,90016.44,273.0,263.0,10.0,0.0,ContractMismatch
Victorian YMCA Community Programming Pty Ltd,Waste management services, ,2028.0,134494.18,249.0,239.0,10.0,0.0,ContractMismatch
Victorian YMCA Community Programming Pty Ltd,Waste management services, ,2029.0,98137.79,239.0,229.0,10.0,0.0,ContractMismatch
